param,rf_mse_cv_results,rf_adj_r2_cv_results,rf_mse_mean,rf_mse_95_ci_lower,rf_mse_95_ci_upper,rf_adj_r2_mean,rf_adj_r2_95_ci_lower,rf_adj_r2_95_ci_upper
"{'bootstrap': False, 'max_depth': None, 'max_features': 'sqrt', 'min_samples_leaf': 1, 'min_samples_split': 5, 'n_estimators': 1000}","[10.606451612903227, 14.312096774193549, 11.94516129032258, 12.241129032258064, 11.7]","[0.4291547644590382, 0.37728350279677547, 0.3190940277593748, 0.40285252545075856, 0.4354316306571908]",12.160967741935485,10.482496330707958,13.839439153163012,0.3927632902246276,0.334149701810783,0.45137687863847215
"{'bootstrap': False, 'max_depth': 50, 'max_features': 'sqrt', 'min_samples_leaf': 1, 'min_samples_split': 5, 'n_estimators': 1000}","[10.608870967741936, 14.270967741935484, 11.991129032258064, 12.25241935483871, 11.736290322580645]","[0.4290245534107854, 0.37907301884779065, 0.31647374417729834, 0.4023017602723087, 0.4336804880723807]",12.171935483870968,10.520235030651794,13.823635937090142,0.3921107129561127,0.3329344221897699,0.45128700372245556
"{'bootstrap': False, 'max_depth': 50, 'max_features': 'sqrt', 'min_samples_leaf': 1, 'min_samples_split': 5, 'n_estimators': 500}","[10.59758064516129, 14.263709677419355, 11.950806451612904, 12.200806451612904, 11.863709677419354]","[0.4296322049692991, 0.3793888157979697, 0.3187722385475408, 0.404819543945222, 0.42753203188571365]",12.175322580645162,10.532897499130412,13.817747662159912,0.3920289670291491,0.3352495049592588,0.44880842909903934
"{'bootstrap': False, 'max_depth': None, 'max_features': 'sqrt', 'min_samples_leaf': 1, 'min_samples_split': 2, 'n_estimators': 500}","[10.539516129032258, 14.270967741935484, 12.01774193548387, 12.110483870967743, 11.958870967741936]","[0.4327572701273702, 0.37907301884779065, 0.3149567378929383, 0.40922566537282046, 0.4229401468855448]",12.179516129032258,10.520210873827736,13.83882138423678,0.39179056782529287,0.3328353103303191,0.45074582532026664
"{'bootstrap': False, 'max_depth': 50, 'max_features': 'sqrt', 'min_samples_leaf': 1, 'min_samples_split': 2, 'n_estimators': 1000}","[10.67016129032258, 14.25, 12.009677419354839, 12.064516129032258, 11.912903225806451]","[0.42572587352171054, 0.3799853211483081, 0.31541643676698683, 0.4114680664565089, 0.42515826082630437]",12.181451612903226,10.577085579299444,13.785817646507008,0.3915507917439637,0.3338959314862437,0.44920565200168366
"{'bootstrap': False, 'max_depth': None, 'max_features': 'sqrt', 'min_samples_leaf': 1, 'min_samples_split': 5, 'n_estimators': 500}","[10.595161290322581, 14.387096774193548, 11.941129032258065, 12.287096774193548, 11.783064516129032]","[0.42976241601755216, 0.3740202676449246, 0.319323877196399, 0.4006101243670701, 0.4314234598519586]",12.198709677419355,10.486369207747394,13.911050147091316,0.39102802901558087,0.3332715991868908,0.44878445884427093
"{'bootstrap': False, 'max_depth': 50, 'max_features': 'sqrt', 'min_samples_leaf': 1, 'min_samples_split': 2, 'n_estimators': 500}","[10.488709677419354, 14.25241935483871, 12.098387096774193, 12.189516129032258, 11.975806451612904]","[0.4354917021406822, 0.37988005549824844, 0.31035974915245335, 0.4053703091236719, 0.4221229470126333]",12.200967741935484,10.53491178315799,13.867023700712979,0.3906449525855379,0.3292468081700927,0.45204309700098305
"{'bootstrap': False, 'max_depth': None, 'max_features': 'sqrt', 'min_samples_leaf': 1, 'min_samples_split': 2, 'n_estimators': 1000}","[10.637096774193548, 14.274193548387096, 12.016935483870968, 12.10725806451613, 11.975806451612904]","[0.4275054245145008, 0.378932664647711, 0.3150027077803431, 0.4093830268523775, 0.4221229470126333]",12.20225806451613,10.578892632098393,13.825623496933867,0.39058935416151314,0.3331512022940298,0.4480275060289965
"{'bootstrap': True, 'max_depth': None, 'max_features': 'sqrt', 'min_samples_leaf': 1, 'min_samples_split': 2, 'n_estimators': 1000}","[10.433064516129033, 14.558064516129033, 11.880645161290323, 12.336290322580645, 11.817741935483872]","[0.43848655625050026, 0.3665814950407049, 0.32277161875176275, 0.3982103618038245, 0.4297501458264734]",12.205161290322582,10.347941574859963,14.062381005785202,0.39116003553465317,0.33206744862257415,0.4502526224467322
"{'bootstrap': True, 'max_depth': 50, 'max_features': 'sqrt', 'min_samples_leaf': 1, 'min_samples_split': 2, 'n_estimators': 1000}","[10.469354838709677, 14.50725806451613, 11.987903225806452, 12.316935483870967, 11.775806451612903]","[0.4365333905267059, 0.3687920736919589, 0.31665762372691775, 0.399154530681167, 0.4317736883689205]",12.211451612903225,10.39542347441655,14.027479751389901,0.390582261399134,0.3290559996283978,0.45210852316987016
"{'bootstrap': False, 'max_depth': None, 'max_features': 'sqrt', 'min_samples_leaf': 1, 'min_samples_split': 10, 'n_estimators': 1000}","[10.548387096774194, 14.488709677419354, 11.925, 12.474193548387097, 11.685483870967742]","[0.4322798296171093, 0.36959911034241677, 0.320243274944496, 0.39148315855275917, 0.4361320876911149]",12.22435483870968,10.427307813886634,14.021401863532725,0.38994749222957925,0.33039893713099855,0.44949604732815995
"{'bootstrap': False, 'max_depth': 50, 'max_features': 'sqrt', 'min_samples_leaf': 1, 'min_samples_split': 10, 'n_estimators': 1000}","[10.556451612903226, 14.464516129032258, 11.918548387096774, 12.460483870967742, 11.75]","[0.43184579278959945, 0.3706517668430137, 0.3206110340437348, 0.3921519448408769, 0.433018945318119]",12.23,10.45499023544164,14.00500976455836,0.38965589676706874,0.3314335000446977,0.4478782934894398
"{'bootstrap': False, 'max_depth': 50, 'max_features': 'sqrt', 'min_samples_leaf': 1, 'min_samples_split': 10, 'n_estimators': 500}","[10.518548387096773, 14.535483870967742, 11.923387096774194, 12.451612903225806, 11.781451612903226]","[0.4338857658788957, 0.3675639744412623, 0.3203352147193057, 0.3925846889096589, 0.43150128841128343]",12.242096774193548,10.422740126796686,14.06145342159041,0.38917418647208124,0.330250244292078,0.4480981286520845
"{'bootstrap': False, 'max_depth': None, 'max_features': 'sqrt', 'min_samples_leaf': 1, 'min_samples_split': 5, 'n_estimators': 100}","[10.616935483870968, 14.379838709677419, 12.062096774193549, 12.25241935483871, 11.915322580645162]","[0.4285905165832755, 0.3743360645951036, 0.3124283940856717, 0.4023017602723087, 0.42504151798731704]",12.245322580645162,10.562154893248652,13.928490268041672,0.3885396507047353,0.32924932018771247,0.4478299812217581
"{'bootstrap': False, 'max_depth': None, 'max_features': 'sqrt', 'min_samples_leaf': 1, 'min_samples_split': 10, 'n_estimators': 500}","[10.549193548387096, 14.59758064516129, 11.899193548387096, 12.455645161290322, 11.769354838709678]","[0.4322364259343583, 0.3648621560897297, 0.3217143113414511, 0.3923879870602125, 0.4320850026062202]",12.254193548387097,10.4124910111971,14.095896085577094,0.3886571766063943,0.3302639873632748,0.44705036584951385
"{'bootstrap': False, 'max_depth': None, 'max_features': 'sqrt', 'min_samples_leaf': 2, 'min_samples_split': 5, 'n_estimators': 1000}","[10.412903225806451, 14.77016129032258, 11.932258064516128, 12.404032258064516, 11.75241935483871]","[0.43957164831927487, 0.3573532063854704, 0.3198295459578524, 0.3949057707331258, 0.4329022024791317]",12.254354838709677,10.281484465701968,14.227225211717386,0.388912474774971,0.32588715229779164,0.45193779725215033
"{'bootstrap': False, 'max_depth': 50, 'max_features': 'sqrt', 'min_samples_leaf': 1, 'min_samples_split': 2, 'n_estimators': 100}","[10.480645161290322, 14.688709677419356, 12.019354838709678, 12.175806451612903, 11.921774193548387]","[0.4359257389681921, 0.3608971499374807, 0.3148647981181286, 0.4060390954117894, 0.42473020375001735]",12.257258064516128,10.369674335617512,14.144841793414743,0.3884913972371216,0.32624232101590045,0.4507404734583428
"{'bootstrap': False, 'max_depth': None, 'max_features': 'sqrt', 'min_samples_leaf': 2, 'min_samples_split': 2, 'n_estimators': 500}","[10.441935483870967, 14.716129032258065, 11.925, 12.518548387096773, 11.69516129032258]","[0.4380091157402394, 0.359704139236804, 0.320243274944496, 0.3893194382088494, 0.43566511633516547]",12.259354838709676,10.312272728235468,14.206436949183884,0.38858821689311085,0.32599641807153984,0.45118001571468186
"{'bootstrap': False, 'max_depth': None, 'max_features': 'sqrt', 'min_samples_leaf': 1, 'min_samples_split': 2, 'n_estimators': 100}","[10.65725806451613, 14.494354838709677, 11.970967741935484, 12.183064516129033, 12.018548387096773]","[0.4264203324457263, 0.3693534904922773, 0.31762299136241956, 0.40568503208278606, 0.4200604901905235]",12.26483870967742,10.541119734606564,13.988557684748276,0.38782846731474657,0.3318942057395112,0.4437627288899819
"{'bootstrap': False, 'max_depth': None, 'max_features': 'sqrt', 'min_samples_leaf': 2, 'min_samples_split': 2, 'n_estimators': 1000}","[10.525, 14.671774193548387, 11.953225806451613, 12.386290322580646, 11.798387096774194]","[0.4335385364168879, 0.3616340094878987, 0.3186343288853263, 0.39577125887068987, 0.43068408853837203]",12.266935483870967,10.389004847750929,14.144866119991004,0.38805244443983494,0.3276597206607655,0.4484451682189044
"{'bootstrap': False, 'max_depth': 50, 'max_features': 'sqrt', 'min_samples_leaf': 2, 'min_samples_split': 5, 'n_estimators': 500}","[10.433870967741935, 14.759677419354839, 11.941129032258065, 12.456451612903226, 11.750806451612902]","[0.43844315256774924, 0.3578093575357292, 0.319323877196399, 0.3923486466903232, 0.4329800310384565]",12.268387096774195,10.306878959675219,14.22989523387317,0.3881810130057314,0.3254359751250003,0.4509260508864625
"{'bootstrap': True, 'max_depth': None, 'max_features': 'sqrt', 'min_samples_leaf': 1, 'min_samples_split': 2, 'n_estimators': 500}","[10.510483870967741, 14.530645161290323, 11.983064516129032, 12.533064516129032, 11.78467741935484]","[0.4343198027064056, 0.3677745057413817, 0.31693344305134685, 0.3886113115508424, 0.4313456312926337]",12.268387096774195,10.448441258643289,14.0883329349051,0.387796938868522,0.3273365028137337,0.4482573749233103
"{'bootstrap': False, 'max_depth': 50, 'max_features': 'sqrt', 'min_samples_leaf': 1, 'min_samples_split': 5, 'n_estimators': 100}","[10.686290322580644, 14.346774193548388, 12.124193548387098, 12.175806451612903, 12.014516129032257]","[0.4248577998666908, 0.37577469514591966, 0.30888871275549834, 0.4060390954117894, 0.42025506158883574]",12.269516129032258,10.636771621790523,13.902260636273994,0.38716307295374686,0.327845679725479,0.4464804661820147
"{'bootstrap': True, 'max_depth': 50, 'max_features': 'sqrt', 'min_samples_leaf': 1, 'min_samples_split': 2, 'n_estimators': 500}","[10.458870967741936, 14.581451612903226, 12.061290322580644, 12.442741935483872, 11.807258064516128]","[0.4370976384024686, 0.36556392709012786, 0.3124743639730765, 0.39301743297844083, 0.43025603146208513]",12.27032258064516,10.417107760495586,14.123537400794735,0.3876818787812398,0.3242830512881133,0.45108070627436625
"{'bootstrap': False, 'max_depth': None, 'max_features': 'sqrt', 'min_samples_leaf': 2, 'min_samples_split': 5, 'n_estimators': 500}","[10.423387096774194, 14.804032258064517, 11.879838709677419, 12.471774193548388, 11.773387096774194]","[0.43900740044351194, 0.3558794872846345, 0.32281758863916754, 0.39160117966242713, 0.43189043120790793]",12.270483870967741,10.28083009713998,14.260137644795503,0.3882392174475298,0.3267132900472104,0.44976514484784924
"{'bootstrap': False, 'max_depth': 50, 'max_features': 'sqrt', 'min_samples_leaf': 2, 'min_samples_split': 5, 'n_estimators': 1000}","[10.439516129032258, 14.779032258064516, 11.95, 12.453225806451613, 11.734677419354838]","[0.4381393267884923, 0.3569672323352514, 0.3188182084349457, 0.39250600816988035, 0.4337583166317056]",12.271290322580645,10.301339644384,14.24124100077729,0.3880378184720551,0.32479448960106083,0.45128114734304936
"{'bootstrap': False, 'max_depth': 50, 'max_features': 'sqrt', 'min_samples_leaf': 2, 'min_samples_split': 2, 'n_estimators': 1000}","[10.549193548387096, 14.663709677419355, 11.964516129032258, 12.389516129032257, 11.808064516129033]","[0.4322364259343583, 0.3619848949880977, 0.31799075046165837, 0.39561389739113273, 0.4302171171824227]",12.275,10.411274668987476,14.138725331012525,0.38760861719153394,0.32749863643879773,0.44771859794427016
"{'bootstrap': False, 'max_depth': 50, 'max_features': 'sqrt', 'min_samples_leaf': 2, 'min_samples_split': 2, 'n_estimators': 500}","[10.449193548387097, 14.718548387096774, 11.999193548387098, 12.505645161290323, 11.713709677419354]","[0.43761848259548053, 0.35959887358674425, 0.31601404530324995, 0.38994888412707773, 0.43477008790292926]",12.277258064516129,10.338831495197349,14.21568463383491,0.38759007470309637,0.3235480278924716,0.4516321215137211
"{'bootstrap': True, 'max_depth': 50, 'max_features': 'sqrt', 'min_samples_leaf': 1, 'min_samples_split': 5, 'n_estimators': 1000}","[10.40967741935484, 14.756451612903225, 11.883870967741936, 12.602419354838709, 11.844354838709677]","[0.43974526305027883, 0.3579497117358088, 0.32258773920214345, 0.38522803974036524, 0.4284659745976125]",12.299354838709677,10.328303166000198,14.270406511419155,0.3867953456652418,0.32629279446261583,0.4472978968678678
"{'bootstrap': True, 'max_depth': None, 'max_features': 'sqrt', 'min_samples_leaf': 1, 'min_samples_split': 5, 'n_estimators': 1000}","[10.408064516129032, 14.74758064516129, 11.913709677419355, 12.61774193548387, 11.811290322580644]","[0.43983207041578076, 0.3583356857860276, 0.3208868533681639, 0.38448057271246916, 0.4300614600637729]",12.29967741935484,10.330642627511164,14.268712211198515,0.38671932846924284,0.32512208791023567,0.44831656902825
"{'bootstrap': True, 'max_depth': 50, 'max_features': 'sqrt', 'min_samples_leaf': 1, 'min_samples_split': 2, 'n_estimators': 100}","[10.56532258064516, 14.800806451612903, 11.941129032258065, 12.448387096774194, 11.756451612903225]","[0.43136835227933856, 0.3560198414847141, 0.319323877196399, 0.39274205038921595, 0.43270763108081933]",12.302419354838712,10.367916275457564,14.23692243421986,0.3864323504860974,0.3255119122023739,0.44735278876982093
"{'bootstrap': False, 'max_depth': 50, 'max_features': 'sqrt', 'min_samples_leaf': 1, 'min_samples_split': 10, 'n_estimators': 100}","[10.62258064516129, 14.594354838709677, 12.046774193548387, 12.587903225806452, 11.696774193548388]","[0.4282866908040186, 0.36500251028980923, 0.3133018219463638, 0.38593616639837214, 0.43558728777584066]",12.309677419354838,10.49028748455363,14.129067354156046,0.3856228954428809,0.3236258149017946,0.44761997598396724
"{'bootstrap': False, 'max_depth': None, 'max_features': 'sqrt', 'min_samples_leaf': 1, 'min_samples_split': 10, 'n_estimators': 100}","[10.52016129032258, 14.707258064516129, 11.951612903225806, 12.687096774193549, 11.73225806451613]","[0.4337989585133938, 0.3600901132870228, 0.318726268660136, 0.3810973009019919, 0.43387505947069294]",12.31967741935484,10.40068082898577,14.238674009723908,0.3855175401666474,0.3240686202795571,0.44696646005373775
"{'bootstrap': False, 'max_depth': 50, 'max_features': 'sqrt', 'min_samples_leaf': 2, 'min_samples_split': 5, 'n_estimators': 100}","[10.437096774193549, 14.908870967741935, 11.891129032258064, 12.649193548387096, 11.714516129032258]","[0.43826953783674527, 0.35131797578204715, 0.32217401021549974, 0.3829462982867875, 0.43473117362326674]",12.320161290322579,10.269865447815537,14.370457132829621,0.3858877991488693,0.32259735270615464,0.4491782455915839
"{'bootstrap': False, 'max_depth': 50, 'max_features': 'sqrt', 'min_samples_leaf': 2, 'min_samples_split': 10, 'n_estimators': 1000}","[10.490322580645161, 14.904032258064516, 11.95, 12.620161290322581, 11.646774193548387]","[0.4354048947751803, 0.35152850708216643, 0.3188182084349457, 0.3843625516028013, 0.43799997311491246]",12.32225806451613,10.290975222585127,14.353540906447135,0.38562282700200123,0.32095940347409385,0.4502862505299086
"{'bootstrap': False, 'max_depth': None, 'max_features': 'sqrt', 'min_samples_leaf': 2, 'min_samples_split': 10, 'n_estimators': 1000}","[10.503225806451614, 14.868548387096775, 11.960483870967742, 12.615322580645161, 11.67741935483871]","[0.4347104358511644, 0.35307240328304224, 0.3182205998986827, 0.3845985938221368, 0.4365212304877394]",12.325000000000001,10.320470132686426,14.329529867313576,0.38542465266855314,0.32149498042044117,0.4493543249166651
"{'bootstrap': False, 'max_depth': None, 'max_features': 'sqrt', 'min_samples_leaf': 2, 'min_samples_split': 5, 'n_estimators': 100}","[10.475, 14.87741935483871, 11.859677419354838, 12.663709677419355, 11.759677419354839]","[0.436229564747449, 0.35268642923282334, 0.32396683582428876, 0.3822381716287807, 0.4325519739621696]",12.327096774193548,10.306943262185007,14.347250286202089,0.38553459507910226,0.3245125531545014,0.4465566370037031
"{'bootstrap': True, 'max_depth': 50, 'max_features': 'sqrt', 'min_samples_leaf': 1, 'min_samples_split': 5, 'n_estimators': 500}","[10.498387096774193, 14.803225806451612, 11.957258064516129, 12.654838709677419, 11.756451612903225]","[0.43497085794767043, 0.35591457583465436, 0.31840447944830197, 0.3826709156975626, 0.43270763108081933]",12.334032258064516,10.366378235576969,14.301686280552063,0.3849336920018017,0.322666277053683,0.44720110694992043
"{'bootstrap': True, 'max_depth': None, 'max_features': 'sqrt', 'min_samples_leaf': 1, 'min_samples_split': 2, 'n_estimators': 100}","[10.609677419354838, 14.876612903225807, 11.970161290322581, 12.495161290322581, 11.787096774193548]","[0.42898114972803447, 0.3527215177828432, 0.31766896124982447, 0.3904603089356382, 0.43122888845364626]",12.347741935483871,10.394864652862402,14.30061921810534,0.38421216522999735,0.3231507819094011,0.4452735485505936
"{'bootstrap': True, 'max_depth': None, 'max_features': 'sqrt', 'min_samples_leaf': 1, 'min_samples_split': 5, 'n_estimators': 500}","[10.490322580645161, 14.807258064516128, 11.955645161290322, 12.691935483870967, 11.80241935483871]","[0.4354048947751803, 0.35573913308455496, 0.31849641922311167, 0.3808612586826562, 0.4304895171400598]",12.349516129032256,10.379531348784692,14.319500909279821,0.38419824458111257,0.3224175391853178,0.44597894997690735
"{'bootstrap': False, 'max_depth': None, 'max_features': 'sqrt', 'min_samples_leaf': 2, 'min_samples_split': 10, 'n_estimators': 500}","[10.52741935483871, 14.957258064516129, 11.99274193548387, 12.549193548387096, 11.739516129032259]","[0.43340832536863494, 0.34921266278085283, 0.31638180440248864, 0.38782450415305714, 0.43352483095373084]",12.353225806451613,10.326274004846999,14.380177608056227,0.38407042553175297,0.3198784600835599,0.448262390979946
"{'bootstrap': False, 'max_depth': 50, 'max_features': 'sqrt', 'min_samples_leaf': 2, 'min_samples_split': 10, 'n_estimators': 500}","[10.525806451612903, 14.949193548387097, 11.999193548387098, 12.57016129032258, 11.765322580645162]","[0.43349513273413687, 0.34956354828105196, 0.31601404530324995, 0.38680165453593596, 0.43227957400453243]",12.361935483870969,10.341019015967456,14.382851951774482,0.38363079097178143,0.3197248516258368,0.44753673031772606
"{'bootstrap': False, 'max_depth': 50, 'max_features': 'sqrt', 'min_samples_leaf': 2, 'min_samples_split': 2, 'n_estimators': 100}","[10.55241935483871, 14.928225806451612, 12.069354838709678, 12.601612903225806, 11.670967741935485]","[0.43206281120335444, 0.3504758505815694, 0.3120146650990281, 0.3852673801102545, 0.43683254472503896]",12.364516129032257,10.354645382787773,14.374386875276741,0.38333065034384906,0.3170252268112236,0.44963607387647453
"{'bootstrap': False, 'max_depth': None, 'max_features': 'sqrt', 'min_samples_leaf': 2, 'min_samples_split': 2, 'n_estimators': 100}","[10.55, 14.97258064516129, 12.069354838709678, 12.601612903225806, 11.64274193548387]","[0.4321930222516073, 0.3485459803304747, 0.3120146650990281, 0.3852673801102545, 0.4381945445132248]",12.367258064516129,10.33089837216896,14.403617756863298,0.3832431184609179,0.3160978088767996,0.4503884280450362
"{'bootstrap': True, 'max_depth': None, 'max_features': 'sqrt', 'min_samples_leaf': 1, 'min_samples_split': 5, 'n_estimators': 100}","[10.62741935483871, 14.949193548387097, 12.00241935483871, 12.72258064516129, 11.57258064516129]","[0.4280262687075128, 0.34956354828105196, 0.31583016575363054, 0.3793663246268639, 0.44158008684385786]",12.374838709677418,10.355080721155389,14.394596698199447,0.38287327884258343,0.31745897803240497,0.4482875796527619
"{'bootstrap': True, 'max_depth': 50, 'max_features': 'sqrt', 'min_samples_leaf': 1, 'min_samples_split': 5, 'n_estimators': 100}","[10.584677419354838, 14.957258064516129, 12.03467741935484, 12.781451612903226, 11.582258064516129]","[0.430326663893315, 0.34921266278085283, 0.3139913702574365, 0.37649447762494714, 0.44111311548790844]",12.388064516129031,10.349510827085238,14.426618205172824,0.382227658008892,0.3154772123750612,0.44897810364272284
"{'bootstrap': True, 'max_depth': 50, 'max_features': 'sqrt', 'min_samples_leaf': 1, 'min_samples_split': 10, 'n_estimators': 500}","[10.445967741935483, 15.020967741935484, 11.993548387096775, 12.686290322580644, 11.79516129032258]","[0.4377920973264845, 0.34644066732928047, 0.31633583451508385, 0.38113664127188107, 0.430839745657022]",12.388387096774194,10.301427794523836,14.475346399024552,0.3825089972199504,0.31717759301566484,0.447840401424236
"{'bootstrap': True, 'max_depth': None, 'max_features': 'sqrt', 'min_samples_leaf': 1, 'min_samples_split': 10, 'n_estimators': 500}","[10.443548387096774, 15.018548387096773, 11.989516129032259, 12.72983870967742, 11.803225806451612]","[0.43792230837473745, 0.3465459329793402, 0.31656568395210805, 0.3790122612978605, 0.4304506028603974]",12.396935483870969,10.308328782260556,14.485542185481382,0.38209935789288874,0.3169200299814434,0.44727868580433405
"{'bootstrap': True, 'max_depth': 50, 'max_features': 'sqrt', 'min_samples_leaf': 1, 'min_samples_split': 10, 'n_estimators': 1000}","[10.533870967741935, 14.887903225806452, 11.987096774193548, 12.861290322580645, 11.738709677419354]","[0.4330610959066271, 0.3522302780825646, 0.31670359361432254, 0.3725997810059093, 0.43356374523339325]",12.401774193548386,10.390751188637836,14.412797198458936,0.38163169876856334,0.31800445003902206,0.44525894749810463
"{'bootstrap': False, 'max_depth': 50, 'max_features': 'sqrt', 'min_samples_leaf': 2, 'min_samples_split': 10, 'n_estimators': 100}","[10.49758064516129, 14.933870967741935, 12.11774193548387, 12.688709677419356, 11.852419354838709]","[0.43501426163042134, 0.35023023073143, 0.30925647185473704, 0.38101862016221333, 0.428076831800988]",12.418064516129032,10.406249125918162,14.429879906339902,0.38071928323595794,0.31493661065669937,0.4465019558152165
"{'bootstrap': True, 'max_depth': None, 'max_features': 'sqrt', 'min_samples_leaf': 1, 'min_samples_split': 10, 'n_estimators': 1000}","[10.526612903225807, 14.95483870967742, 12.006451612903225, 12.913709677419355, 11.724193548387097]","[0.43345172905138585, 0.34931792843091247, 0.31560031631660623, 0.3700426569631067, 0.4342642022673173]",12.425161290322581,10.374619179853417,14.475703400791746,0.38053536660586573,0.31545714171550526,0.4456135914962262
"{'bootstrap': False, 'max_depth': None, 'max_features': 'sqrt', 'min_samples_leaf': 2, 'min_samples_split': 10, 'n_estimators': 100}","[10.49758064516129, 14.925806451612903, 12.087096774193549, 12.78467741935484, 11.852419354838709]","[0.43501426163042134, 0.35058111623162913, 0.31100332757612137, 0.3763371161453901, 0.428076831800988]",12.429516129032258,10.413936368367242,14.445095889697274,0.38020253067691,0.31515671481621477,0.44524834653760526
"{'bootstrap': True, 'max_depth': 50, 'max_features': 'sqrt', 'min_samples_leaf': 2, 'min_samples_split': 5, 'n_estimators': 100}","[10.49758064516129, 15.300806451612903, 12.033870967741935, 12.74758064516129, 11.72258064516129]","[0.43501426163042134, 0.334264940472374, 0.3140373401448413, 0.37814677316029655, 0.43434203082664224]",12.46048387096774,10.245466510139654,14.675501231795828,0.37916106924691506,0.309965982937794,0.44835615555603614
"{'bootstrap': True, 'max_depth': None, 'max_features': 'sqrt', 'min_samples_leaf': 2, 'min_samples_split': 5, 'n_estimators': 100}","[10.480645161290322, 15.300806451612903, 12.094354838709677, 12.74758064516129, 11.72258064516129]","[0.4359257389681921, 0.334264940472374, 0.31058959858947777, 0.37814677316029655, 0.43434203082664224]",12.469193548387096,10.252571986031636,14.685815110742556,0.3786538164033965,0.3079099692822773,0.4493976635245157
"{'bootstrap': True, 'max_depth': 50, 'max_features': 'sqrt', 'min_samples_leaf': 2, 'min_samples_split': 2, 'n_estimators': 1000}","[10.521774193548387, 15.128225806451614, 11.953225806451613, 12.843548387096774, 11.92258064516129]","[0.43371215114789186, 0.3417738901766334, 0.3186343288853263, 0.37346526914347333, 0.42469128947035495]",12.473870967741934,10.362317818490437,14.585424116993432,0.3784553857647359,0.3159389254629936,0.4409718460664782
"{'bootstrap': True, 'max_depth': None, 'max_features': 'sqrt', 'min_samples_leaf': 2, 'min_samples_split': 2, 'n_estimators': 1000}","[10.53225806451613, 15.130645161290323, 11.971774193548388, 12.853225806451613, 11.915322580645162]","[0.43314790327212904, 0.34166862452657365, 0.31757702147501476, 0.372993184704802, 0.42504151798731704]",12.480645161290322,10.37200246912848,14.589287853452165,0.3780856503931673,0.3152307952532579,0.44094050553307673
"{'bootstrap': True, 'max_depth': None, 'max_features': 'sqrt', 'min_samples_leaf': 2, 'min_samples_split': 5, 'n_estimators': 500}","[10.540322580645162, 15.112096774193548, 12.053225806451612, 12.79758064516129, 11.92741935483871]","[0.4327138664446192, 0.34247566117703143, 0.312934062847125, 0.37570767022716167, 0.4244578037923802]",12.486129032258065,10.40116542861186,14.57109263590427,0.3776578128976634,0.3135821791080204,0.44173344668730646
"{'bootstrap': True, 'max_depth': 50, 'max_features': 'sqrt', 'min_samples_leaf': 2, 'min_samples_split': 5, 'n_estimators': 500}","[10.558870967741935, 15.109677419354838, 12.049193548387096, 12.79758064516129, 11.92741935483871]","[0.4317155817413465, 0.34258092682709107, 0.3131639122841493, 0.37570767022716167, 0.4244578037923802]",12.488548387096774,10.411090916271494,14.566005857922054,0.3775251789744257,0.3138905115111003,0.44115984643775114
"{'bootstrap': True, 'max_depth': 50, 'max_features': 'sqrt', 'min_samples_leaf': 2, 'min_samples_split': 2, 'n_estimators': 500}","[10.616129032258064, 15.064516129032258, 12.094354838709677, 12.768548387096773, 11.918548387096774]","[0.42863392026602654, 0.34454588562820576, 0.31058959858947777, 0.37712392354317537, 0.4248858608686673]",12.492419354838708,10.461607976523188,14.523230733154227,0.37715583777911055,0.3137743261380791,0.440537349420142
"{'bootstrap': True, 'max_depth': 50, 'max_features': 'sqrt', 'min_samples_leaf': 1, 'min_samples_split': 10, 'n_estimators': 100}","[10.533064516129032, 15.314516129032258, 12.096774193548388, 12.766935483870968, 11.771774193548387]","[0.43310449958937813, 0.3336684351220357, 0.31045168892726316, 0.37720260428295405, 0.43196825976723285]",12.496612903225806,10.296865977245155,14.696359829206457,0.3772790975377728,0.30793692038406534,0.4466212746914802
"{'bootstrap': True, 'max_depth': None, 'max_features': 'sqrt', 'min_samples_leaf': 2, 'min_samples_split': 5, 'n_estimators': 1000}","[10.571774193548388, 15.116129032258064, 11.963709677419354, 12.887096774193548, 11.95483870967742]","[0.43102112281733074, 0.3423002184269318, 0.3180367203490633, 0.37134088916945274, 0.42313471828385696]",12.498709677419352,10.412046355149739,14.585372999688966,0.3771667338093271,0.31583518189310544,0.4384982857255487
"{'bootstrap': True, 'max_depth': None, 'max_features': 'sqrt', 'min_samples_leaf': 2, 'min_samples_split': 2, 'n_estimators': 500}","[10.609677419354838, 15.064516129032258, 12.096774193548388, 12.76774193548387, 11.961290322580645]","[0.42898114972803447, 0.34454588562820576, 0.31045168892726316, 0.37716326391306476, 0.4228234040465574]",12.499999999999998,10.471622299895678,14.528377700104318,0.3767930784486251,0.31383574206289894,0.43975041483435123
"{'bootstrap': True, 'max_depth': 50, 'max_features': 'sqrt', 'min_samples_leaf': 2, 'min_samples_split': 5, 'n_estimators': 1000}","[10.589516129032258, 15.109677419354838, 11.97258064516129, 12.899193548387096, 11.949193548387097]","[0.43006624179680897, 0.34258092682709107, 0.31753105158760997, 0.37075078362111347, 0.42340711824149413]",12.504032258064516,10.426219876455068,14.581844639673964,0.37686722441482357,0.31562838741796884,0.4381060614116783
"{'bootstrap': True, 'max_depth': None, 'max_features': 'sqrt', 'min_samples_leaf': 1, 'min_samples_split': 10, 'n_estimators': 100}","[10.55241935483871, 15.337903225806452, 12.111290322580645, 12.8, 11.779032258064516]","[0.43206281120335444, 0.33265086717145853, 0.30962423095397584, 0.37558964911749393, 0.4316180312502709]",12.516129032258064,10.31183845801029,14.720419606505837,0.3763091179393107,0.30683975145227993,0.4457784844263415
"{'bootstrap': True, 'max_depth': None, 'max_features': 'sqrt', 'min_samples_leaf': 2, 'min_samples_split': 10, 'n_estimators': 100}","[10.64516129032258, 15.332258064516129, 12.084677419354838, 12.944354838709678, 11.739516129032259]","[0.42707138768699104, 0.3328964870215977, 0.31114123723833575, 0.3685477229073144, 0.43352483095373084]",12.549193548387098,10.363169042895905,14.735218053878292,0.37463633316159395,0.3065477225157471,0.4427249438074408
"{'bootstrap': True, 'max_depth': 50, 'max_features': 'sqrt', 'min_samples_leaf': 2, 'min_samples_split': 10, 'n_estimators': 100}","[10.693548387096774, 15.332258064516129, 12.084677419354838, 12.944354838709678, 11.739516129032259]","[0.42446716672193197, 0.3328964870215977, 0.31114123723833575, 0.3685477229073144, 0.43352483095373084]",12.558870967741935,10.388985061440772,14.728756874043098,0.37411548896858215,0.30678877355743545,0.44144220437972886
"{'bootstrap': True, 'max_depth': None, 'max_features': 'sqrt', 'min_samples_leaf': 2, 'min_samples_split': 10, 'n_estimators': 500}","[10.65241935483871, 15.25241935483871, 12.112903225806452, 12.916129032258064, 11.866129032258064]","[0.4266807545422322, 0.3363702534735682, 0.30953229117916614, 0.3699246358534388, 0.42741528904672643]",12.559999999999999,10.436775781010576,14.683224218989421,0.3739846448190264,0.30823168996180994,0.4397375996762428
"{'bootstrap': True, 'max_depth': 50, 'max_features': 'sqrt', 'min_samples_leaf': 2, 'min_samples_split': 10, 'n_estimators': 500}","[10.644354838709678, 15.266935483870968, 12.112903225806452, 12.916129032258064, 11.887096774193548]","[0.42711479136974206, 0.33573865957321003, 0.30953229117916614, 0.3699246358534388, 0.42640351777550267]",12.565483870967743,10.434974427557735,14.69599331437775,0.3737427791502119,0.30802952832081176,0.4394560299796121
"{'bootstrap': True, 'max_depth': 50, 'max_features': 'sqrt', 'min_samples_leaf': 2, 'min_samples_split': 10, 'n_estimators': 1000}","[10.54758064516129, 15.17983870967742, 12.087096774193549, 13.036290322580646, 12.0]","[0.4323232332998602, 0.33952822297535956, 0.31100332757612137, 0.3640629207399376, 0.4209555186227598]",12.57016129032258,10.448681039095339,14.691641541549822,0.3735746446428077,0.30887350866652497,0.43827578061909045
"{'bootstrap': True, 'max_depth': None, 'max_features': 'sqrt', 'min_samples_leaf': 2, 'min_samples_split': 10, 'n_estimators': 1000}","[10.54758064516129, 15.17983870967742, 12.083064516129033, 13.036290322580646, 12.004838709677419]","[0.4323232332998602, 0.33952822297535956, 0.31123317701314557, 0.3640629207399376, 0.42072203294478516]",12.570322580645163,10.448986086202371,14.691659075087955,0.37357391739461765,0.309024216238469,0.4381236185507663
"{'bootstrap': True, 'max_depth': 50, 'max_features': 'sqrt', 'min_samples_leaf': 2, 'min_samples_split': 2, 'n_estimators': 100}","[10.557258064516128, 15.40241935483871, 12.015322580645162, 12.92983870967742, 11.958064516129033]","[0.43180238910684854, 0.3298437831698662, 0.31509464755515293, 0.3692558495653213, 0.4229790611652071]",12.572580645161292,10.344034835890664,14.80112645443192,0.3737951461124792,0.30814535806343285,0.4394449341615256
"{'bootstrap': True, 'max_depth': None, 'max_features': 'sqrt', 'min_samples_leaf': 2, 'min_samples_split': 2, 'n_estimators': 100}","[10.557258064516128, 15.40241935483871, 12.015322580645162, 12.957258064516129, 11.958064516129033]","[0.43180238910684854, 0.3298437831698662, 0.31509464755515293, 0.3679182769890861, 0.4229790611652071]",12.578064516129034,10.347773174013282,14.808355858244786,0.3735276315972322,0.30783800726615873,0.4392172559283056
"{'bootstrap': False, 'max_depth': 50, 'max_features': 'sqrt', 'min_samples_leaf': 4, 'min_samples_split': 5, 'n_estimators': 1000}","[10.647580645161291, 15.268548387096773, 12.10725806451613, 12.911290322580646, 11.989516129032259]","[0.426941176638738, 0.33566848247317016, 0.30985408039100004, 0.3701606780727744, 0.42146140425837175]",12.58483870967742,10.466324733042615,14.703352686312225,0.3728171643668109,0.30875674093925265,0.43687758779436914
"{'bootstrap': False, 'max_depth': None, 'max_features': 'sqrt', 'min_samples_leaf': 4, 'min_samples_split': 2, 'n_estimators': 1000}","[10.647580645161291, 15.268548387096773, 12.10725806451613, 12.911290322580646, 11.989516129032259]","[0.426941176638738, 0.33566848247317016, 0.30985408039100004, 0.3701606780727744, 0.42146140425837175]",12.58483870967742,10.466324733042615,14.703352686312225,0.3728171643668109,0.30875674093925265,0.43687758779436914
"{'bootstrap': False, 'max_depth': 50, 'max_features': 'sqrt', 'min_samples_leaf': 4, 'min_samples_split': 2, 'n_estimators': 1000}","[10.647580645161291, 15.268548387096773, 12.10725806451613, 12.911290322580646, 11.989516129032259]","[0.426941176638738, 0.33566848247317016, 0.30985408039100004, 0.3701606780727744, 0.42146140425837175]",12.58483870967742,10.466324733042615,14.703352686312225,0.3728171643668109,0.30875674093925265,0.43687758779436914
"{'bootstrap': False, 'max_depth': None, 'max_features': 'sqrt', 'min_samples_leaf': 4, 'min_samples_split': 5, 'n_estimators': 1000}","[10.647580645161291, 15.268548387096773, 12.10725806451613, 12.911290322580646, 11.989516129032259]","[0.426941176638738, 0.33566848247317016, 0.30985408039100004, 0.3701606780727744, 0.42146140425837175]",12.58483870967742,10.466324733042615,14.703352686312225,0.3728171643668109,0.30875674093925265,0.43687758779436914
"{'bootstrap': False, 'max_depth': 50, 'max_features': 'sqrt', 'min_samples_leaf': 4, 'min_samples_split': 10, 'n_estimators': 1000}","[10.694354838709678, 15.19758064516129, 12.14274193548387, 12.968548387096774, 11.960483870967742]","[0.42442376303918095, 0.33875627487492177, 0.3078314053451867, 0.3673675118106362, 0.4228623183262199]",12.59274193548387,10.521307429723624,14.664176441244116,0.37224825467922906,0.308392636974575,0.43610387238388315
"{'bootstrap': False, 'max_depth': None, 'max_features': 'sqrt', 'min_samples_leaf': 4, 'min_samples_split': 10, 'n_estimators': 1000}","[10.70241935483871, 15.2, 12.148387096774194, 12.976612903225806, 11.962096774193549]","[0.4239897262116711, 0.3386510092248619, 0.3075096161333527, 0.36697410811174347, 0.42278448976689487]",12.597903225806451,10.52824055794601,14.667565893666893,0.37198178988970476,0.3081283246312984,0.4358352551481111
"{'bootstrap': False, 'max_depth': 50, 'max_features': 'sqrt', 'min_samples_leaf': 4, 'min_samples_split': 2, 'n_estimators': 500}","[10.693548387096774, 15.231451612903227, 12.110483870967743, 13.068548387096774, 11.933064516129033]","[0.42446716672193197, 0.3372825557740857, 0.30967020084138075, 0.3624893059443667, 0.4241854038347431]",12.607419354838711,10.505484757902881,14.709353951774542,0.3716189266233016,0.3075312841249609,0.4357065691216423
"{'bootstrap': False, 'max_depth': 50, 'max_features': 'sqrt', 'min_samples_leaf': 4, 'min_samples_split': 5, 'n_estimators': 500}","[10.693548387096774, 15.231451612903227, 12.110483870967743, 13.068548387096774, 11.933064516129033]","[0.42446716672193197, 0.3372825557740857, 0.30967020084138075, 0.3624893059443667, 0.4241854038347431]",12.607419354838711,10.505484757902881,14.709353951774542,0.3716189266233016,0.3075312841249609,0.4357065691216423
"{'bootstrap': False, 'max_depth': None, 'max_features': 'sqrt', 'min_samples_leaf': 4, 'min_samples_split': 5, 'n_estimators': 500}","[10.693548387096774, 15.231451612903227, 12.110483870967743, 13.068548387096774, 11.94032258064516]","[0.42446716672193197, 0.3372825557740857, 0.30967020084138075, 0.3624893059443667, 0.42383517531778103]",12.608870967741936,10.507830204834113,14.70991173064976,0.37154888091990923,0.3075717607326305,0.435526001107188
"{'bootstrap': False, 'max_depth': None, 'max_features': 'sqrt', 'min_samples_leaf': 4, 'min_samples_split': 2, 'n_estimators': 500}","[10.693548387096774, 15.231451612903227, 12.110483870967743, 13.068548387096774, 11.94032258064516]","[0.42446716672193197, 0.3372825557740857, 0.30967020084138075, 0.3624893059443667, 0.42383517531778103]",12.608870967741936,10.507830204834113,14.70991173064976,0.37154888091990923,0.3075717607326305,0.435526001107188
"{'bootstrap': False, 'max_depth': 50, 'max_features': 'sqrt', 'min_samples_leaf': 4, 'min_samples_split': 2, 'n_estimators': 100}","[10.73225806451613, 15.137903225806452, 12.024193548387096, 13.103225806451613, 12.108064516129032]","[0.42238378994988457, 0.3413528275763944, 0.3145889787936996, 0.3607976700391281, 0.4157410051479917]",12.621129032258064,10.585219336744078,14.65703872777205,0.3709728543014197,0.3127095212183062,0.4292361873845332
"{'bootstrap': False, 'max_depth': None, 'max_features': 'sqrt', 'min_samples_leaf': 4, 'min_samples_split': 5, 'n_estimators': 100}","[10.73225806451613, 15.137903225806452, 12.024193548387096, 13.103225806451613, 12.108064516129032]","[0.42238378994988457, 0.3413528275763944, 0.3145889787936996, 0.3607976700391281, 0.4157410051479917]",12.621129032258064,10.585219336744078,14.65703872777205,0.3709728543014197,0.3127095212183062,0.4292361873845332
"{'bootstrap': False, 'max_depth': 50, 'max_features': 'sqrt', 'min_samples_leaf': 4, 'min_samples_split': 5, 'n_estimators': 100}","[10.73225806451613, 15.137903225806452, 12.024193548387096, 13.103225806451613, 12.108064516129032]","[0.42238378994988457, 0.3413528275763944, 0.3145889787936996, 0.3607976700391281, 0.4157410051479917]",12.621129032258064,10.585219336744078,14.65703872777205,0.3709728543014197,0.3127095212183062,0.4292361873845332
"{'bootstrap': False, 'max_depth': None, 'max_features': 'sqrt', 'min_samples_leaf': 4, 'min_samples_split': 2, 'n_estimators': 100}","[10.73225806451613, 15.137903225806452, 12.024193548387096, 13.103225806451613, 12.108064516129032]","[0.42238378994988457, 0.3413528275763944, 0.3145889787936996, 0.3607976700391281, 0.4157410051479917]",12.621129032258064,10.585219336744078,14.65703872777205,0.3709728543014197,0.3127095212183062,0.4292361873845332
"{'bootstrap': False, 'max_depth': 50, 'max_features': 'sqrt', 'min_samples_leaf': 4, 'min_samples_split': 10, 'n_estimators': 500}","[10.728225806451613, 15.266935483870968, 12.15725806451613, 13.009677419354839, 11.96532258064516]","[0.42260080836363956, 0.33573865957321003, 0.3070039473718994, 0.36536115294628346, 0.42262883264824513]",12.625483870967741,10.531198628912577,14.719769113022906,0.37066668018065557,0.30645248735525554,0.4348808730060556
"{'bootstrap': False, 'max_depth': None, 'max_features': 'sqrt', 'min_samples_leaf': 4, 'min_samples_split': 10, 'n_estimators': 500}","[10.733064516129032, 15.270967741935484, 12.15725806451613, 13.005645161290323, 11.970967741935484]","[0.42234038626713355, 0.3355632168231104, 0.3070039473718994, 0.3655578547957298, 0.42235643269060796]",12.627580645161292,10.533989761922207,14.721171528400376,0.3705643675896962,0.30648546156216966,0.4346432736172227
"{'bootstrap': False, 'max_depth': 50, 'max_features': 'sqrt', 'min_samples_leaf': 4, 'min_samples_split': 10, 'n_estimators': 100}","[10.733064516129032, 15.356451612903227, 12.244354838709677, 13.05967741935484, 11.94758064516129]","[0.42234038626713355, 0.33184383052100075, 0.30203919953217584, 0.3629220500131487, 0.42348494680081905]",12.668225806451613,10.533462896459671,14.802988716443554,0.3685260826268556,0.3013327999297125,0.4357193653239987
"{'bootstrap': False, 'max_depth': None, 'max_features': 'sqrt', 'min_samples_leaf': 4, 'min_samples_split': 10, 'n_estimators': 100}","[10.745967741935484, 15.356451612903227, 12.244354838709677, 13.05967741935484, 11.94758064516129]","[0.4216459273431179, 0.33184383052100075, 0.30203919953217584, 0.3629220500131487, 0.42348494680081905]",12.670806451612902,10.540544574956517,14.801068328269288,0.36838719084205246,0.30140751238980695,0.43536686929429796
"{'bootstrap': False, 'max_depth': 10, 'max_features': 'sqrt', 'min_samples_leaf': 1, 'min_samples_split': 2, 'n_estimators': 500}","[11.496774193548386, 14.912096774193548, 12.595967741935484, 12.49758064516129, 12.696774193548388]","[0.38123709870195044, 0.3511776215819673, 0.28199632862366153, 0.39034228782597036, 0.38733358099440396]",12.83983870967742,11.282161837512982,14.397515581841857,0.3584173835455907,0.30196372245839226,0.4148710446327892
"{'bootstrap': False, 'max_depth': 10, 'max_features': 'sqrt', 'min_samples_leaf': 1, 'min_samples_split': 2, 'n_estimators': 1000}","[11.578225806451613, 14.935483870967742, 12.633870967741936, 12.460483870967742, 12.616935483870968]","[0.3768533267441009, 0.35016005363139024, 0.2798357439156337, 0.3921519448408769, 0.3911860946809864]",12.844999999999999,11.296738941183792,14.393261058816206,0.3580374327625976,0.29981732911014614,0.41625753641504903
"{'bootstrap': True, 'max_depth': 50, 'max_features': 'sqrt', 'min_samples_leaf': 4, 'min_samples_split': 5, 'n_estimators': 500}","[10.745161290322581, 15.553225806451612, 12.235483870967743, 13.399193548387096, 12.316129032258065]","[0.4216893310258688, 0.3232822243161444, 0.30254486829362914, 0.34635975428976573, 0.40570112099507993]",12.84983870967742,10.637198563495007,15.062478855859831,0.3599154597840976,0.2956077112007051,0.4242232083674901
"{'bootstrap': True, 'max_depth': None, 'max_features': 'sqrt', 'min_samples_leaf': 4, 'min_samples_split': 2, 'n_estimators': 500}","[10.745161290322581, 15.553225806451612, 12.235483870967743, 13.399193548387096, 12.316129032258065]","[0.4216893310258688, 0.3232822243161444, 0.30254486829362914, 0.34635975428976573, 0.40570112099507993]",12.84983870967742,10.637198563495007,15.062478855859831,0.3599154597840976,0.2956077112007051,0.4242232083674901
"{'bootstrap': True, 'max_depth': None, 'max_features': 'sqrt', 'min_samples_leaf': 4, 'min_samples_split': 5, 'n_estimators': 500}","[10.745161290322581, 15.553225806451612, 12.235483870967743, 13.399193548387096, 12.316129032258065]","[0.4216893310258688, 0.3232822243161444, 0.30254486829362914, 0.34635975428976573, 0.40570112099507993]",12.84983870967742,10.637198563495007,15.062478855859831,0.3599154597840976,0.2956077112007051,0.4242232083674901
"{'bootstrap': True, 'max_depth': 50, 'max_features': 'sqrt', 'min_samples_leaf': 4, 'min_samples_split': 2, 'n_estimators': 500}","[10.745161290322581, 15.553225806451612, 12.235483870967743, 13.399193548387096, 12.316129032258065]","[0.4216893310258688, 0.3232822243161444, 0.30254486829362914, 0.34635975428976573, 0.40570112099507993]",12.84983870967742,10.637198563495007,15.062478855859831,0.3599154597840976,0.2956077112007051,0.4242232083674901
"{'bootstrap': True, 'max_depth': 50, 'max_features': 'sqrt', 'min_samples_leaf': 4, 'min_samples_split': 2, 'n_estimators': 1000}","[10.883870967741936, 15.574193548387097, 12.203225806451613, 13.429032258064517, 12.287096774193548]","[0.4142238975926993, 0.32236992201562686, 0.3043836637898232, 0.34490416060386264, 0.40710203506292797]",12.875483870967741,10.69335857255868,15.057609169376803,0.358596735812988,0.29686820276512116,0.42032526886085486
"{'bootstrap': True, 'max_depth': None, 'max_features': 'sqrt', 'min_samples_leaf': 4, 'min_samples_split': 5, 'n_estimators': 1000}","[10.883870967741936, 15.574193548387097, 12.203225806451613, 13.429032258064517, 12.287096774193548]","[0.4142238975926993, 0.32236992201562686, 0.3043836637898232, 0.34490416060386264, 0.40710203506292797]",12.875483870967741,10.69335857255868,15.057609169376803,0.358596735812988,0.29686820276512116,0.42032526886085486
"{'bootstrap': True, 'max_depth': None, 'max_features': 'sqrt', 'min_samples_leaf': 4, 'min_samples_split': 2, 'n_estimators': 1000}","[10.883870967741936, 15.574193548387097, 12.203225806451613, 13.429032258064517, 12.287096774193548]","[0.4142238975926993, 0.32236992201562686, 0.3043836637898232, 0.34490416060386264, 0.40710203506292797]",12.875483870967741,10.69335857255868,15.057609169376803,0.358596735812988,0.29686820276512116,0.42032526886085486
"{'bootstrap': True, 'max_depth': 50, 'max_features': 'sqrt', 'min_samples_leaf': 4, 'min_samples_split': 5, 'n_estimators': 1000}","[10.883870967741936, 15.574193548387097, 12.203225806451613, 13.429032258064517, 12.287096774193548]","[0.4142238975926993, 0.32236992201562686, 0.3043836637898232, 0.34490416060386264, 0.40710203506292797]",12.875483870967741,10.69335857255868,15.057609169376803,0.358596735812988,0.29686820276512116,0.42032526886085486
"{'bootstrap': True, 'max_depth': None, 'max_features': 'sqrt', 'min_samples_leaf': 4, 'min_samples_split': 10, 'n_estimators': 1000}","[10.860483870967743, 15.549193548387096, 12.272580645161291, 13.393548387096773, 12.337096774193549]","[0.41548260439247786, 0.3234576670662438, 0.300430253473006, 0.3466351368789905, 0.4046893497238563]",12.882580645161292,10.720298421159539,15.044862869163046,0.3581390023069149,0.29568238624062615,0.4205956183732037
"{'bootstrap': True, 'max_depth': 50, 'max_features': 'sqrt', 'min_samples_leaf': 4, 'min_samples_split': 10, 'n_estimators': 1000}","[10.860483870967743, 15.549193548387096, 12.272580645161291, 13.393548387096773, 12.337096774193549]","[0.41548260439247786, 0.3234576670662438, 0.300430253473006, 0.3466351368789905, 0.4046893497238563]",12.882580645161292,10.720298421159539,15.044862869163046,0.3581390023069149,0.29568238624062615,0.4205956183732037
"{'bootstrap': True, 'max_depth': 50, 'max_features': 'sqrt', 'min_samples_leaf': 4, 'min_samples_split': 10, 'n_estimators': 500}","[10.848387096774193, 15.54758064516129, 12.344354838709677, 13.320967741935483, 12.429032258064517]","[0.4161336596337427, 0.32352784416628355, 0.29633893349397455, 0.3501757701690249, 0.40025312184233697]",12.89806451612903,10.754031652209747,15.042097380048315,0.3572858658610725,0.29454209493890116,0.4200296367832439
"{'bootstrap': True, 'max_depth': None, 'max_features': 'sqrt', 'min_samples_leaf': 4, 'min_samples_split': 10, 'n_estimators': 500}","[10.848387096774193, 15.54758064516129, 12.344354838709677, 13.320967741935483, 12.429032258064517]","[0.4161336596337427, 0.32352784416628355, 0.29633893349397455, 0.3501757701690249, 0.40025312184233697]",12.89806451612903,10.754031652209747,15.042097380048315,0.3572858658610725,0.29454209493890116,0.4200296367832439
"{'bootstrap': False, 'max_depth': 10, 'max_features': 'sqrt', 'min_samples_leaf': 1, 'min_samples_split': 5, 'n_estimators': 1000}","[11.542741935483871, 15.226612903225806, 12.575806451612904, 12.651612903225807, 12.655645161290323]","[0.3787630887851442, 0.3374930870742052, 0.28314557580878275, 0.38282827717711976, 0.38931820925718874]",12.930483870967743,11.232858800213695,14.628108941721791,0.3543096476204881,0.2988362875161467,0.4097830077248295
"{'bootstrap': False, 'max_depth': 10, 'max_features': 'sqrt', 'min_samples_leaf': 1, 'min_samples_split': 5, 'n_estimators': 100}","[11.654032258064516, 15.192741935483872, 12.421774193548387, 12.828225806451613, 12.591935483870968]","[0.37277338056550813, 0.33896680617504116, 0.29192582430310887, 0.3742127361713694, 0.3923924373505224]",12.93774193548387,11.27990727427613,14.595576596691611,0.35405423691311,0.3047218806279008,0.4033865931983192
"{'bootstrap': False, 'max_depth': 10, 'max_features': 'sqrt', 'min_samples_leaf': 1, 'min_samples_split': 5, 'n_estimators': 500}","[11.625, 15.149193548387096, 12.544354838709678, 12.814516129032258, 12.637903225806452]","[0.37433591314454373, 0.34086158787611576, 0.2849384014175719, 0.374881522459487, 0.39017432340976266]",12.954193548387096,11.326678276108378,14.581708820665813,0.3530383496614962,0.3007420790178227,0.40533462030516976
"{'bootstrap': False, 'max_depth': 10, 'max_features': 'sqrt', 'min_samples_leaf': 1, 'min_samples_split': 2, 'n_estimators': 100}","[11.734677419354838, 15.058064516129033, 12.70241935483871, 12.553225806451612, 12.787903225806451]","[0.3684330122904096, 0.3448265940283649, 0.27592830348622144, 0.3876278023036107, 0.38293626739254727]",12.96725806451613,11.425836218496388,14.508679910535873,0.3519503959002308,0.29527151043668887,0.40862928136377275
"{'bootstrap': True, 'max_depth': 50, 'max_features': 'sqrt', 'min_samples_leaf': 4, 'min_samples_split': 10, 'n_estimators': 100}","[10.995967741935484, 15.70241935483871, 12.408064516129032, 13.403225806451612, 12.404838709677419]","[0.4081907856903123, 0.31679084256246215, 0.2927073123889914, 0.3461630524403194, 0.40142055023221046]",12.982903225806453,10.815768229981824,15.150038221631082,0.35305450866285915,0.28979171952360944,0.41631729780210885
"{'bootstrap': True, 'max_depth': None, 'max_features': 'sqrt', 'min_samples_leaf': 4, 'min_samples_split': 10, 'n_estimators': 100}","[10.995967741935484, 15.70241935483871, 12.408064516129032, 13.403225806451612, 12.404838709677419]","[0.4081907856903123, 0.31679084256246215, 0.2927073123889914, 0.3461630524403194, 0.40142055023221046]",12.982903225806453,10.815768229981824,15.150038221631082,0.35305450866285915,0.28979171952360944,0.41631729780210885
"{'bootstrap': True, 'max_depth': 10, 'max_features': 'sqrt', 'min_samples_leaf': 1, 'min_samples_split': 2, 'n_estimators': 500}","[11.475, 15.362096774193548, 12.620161290322581, 12.843548387096774, 12.618548387096775]","[0.38240899813622686, 0.33159821067086126, 0.2806172320015161, 0.37346526914347333, 0.3911082661216615]",12.983870967741936,11.20411926768308,14.763622667800792,0.35183959521474784,0.2948496342843237,0.40882955614517197
"{'bootstrap': True, 'max_depth': None, 'max_features': 'sqrt', 'min_samples_leaf': 4, 'min_samples_split': 5, 'n_estimators': 100}","[10.893548387096773, 15.73225806451613, 12.324193548387097, 13.453225806451613, 12.516935483870968]","[0.4137030533996875, 0.3154925662117257, 0.29748818067909566, 0.34372394950718455, 0.39601146535913]",12.984032258064516,10.763173186355985,15.204891329773048,0.3532838430313647,0.29086364265409825,0.4157040434086311
"{'bootstrap': True, 'max_depth': None, 'max_features': 'sqrt', 'min_samples_leaf': 4, 'min_samples_split': 2, 'n_estimators': 100}","[10.893548387096773, 15.73225806451613, 12.324193548387097, 13.453225806451613, 12.516935483870968]","[0.4137030533996875, 0.3154925662117257, 0.29748818067909566, 0.34372394950718455, 0.39601146535913]",12.984032258064516,10.763173186355985,15.204891329773048,0.3532838430313647,0.29086364265409825,0.4157040434086311
"{'bootstrap': True, 'max_depth': 50, 'max_features': 'sqrt', 'min_samples_leaf': 4, 'min_samples_split': 5, 'n_estimators': 100}","[10.893548387096773, 15.73225806451613, 12.324193548387097, 13.453225806451613, 12.516935483870968]","[0.4137030533996875, 0.3154925662117257, 0.29748818067909566, 0.34372394950718455, 0.39601146535913]",12.984032258064516,10.763173186355985,15.204891329773048,0.3532838430313647,0.29086364265409825,0.4157040434086311
"{'bootstrap': True, 'max_depth': 50, 'max_features': 'sqrt', 'min_samples_leaf': 4, 'min_samples_split': 2, 'n_estimators': 100}","[10.893548387096773, 15.73225806451613, 12.324193548387097, 13.453225806451613, 12.516935483870968]","[0.4137030533996875, 0.3154925662117257, 0.29748818067909566, 0.34372394950718455, 0.39601146535913]",12.984032258064516,10.763173186355985,15.204891329773048,0.3532838430313647,0.29086364265409825,0.4157040434086311
"{'bootstrap': False, 'max_depth': 10, 'max_features': 'sqrt', 'min_samples_leaf': 1, 'min_samples_split': 10, 'n_estimators': 500}","[11.582258064516129, 15.299193548387096, 12.65967741935484, 12.873387096774193, 12.646774193548387]","[0.3766363083303459, 0.33433511757241396, 0.27836470751867837, 0.37200967545757024, 0.38974626633347587]",13.012258064516129,11.306138689409511,14.718377439622746,0.35021841504249684,0.29416980130090564,0.40626702878408805
"{'bootstrap': False, 'max_depth': 10, 'max_features': 'sqrt', 'min_samples_leaf': 1, 'min_samples_split': 10, 'n_estimators': 1000}","[11.696774193548388, 15.399193548387096, 12.523387096774194, 12.903225806451612, 12.583064516129033]","[0.37047298537970597, 0.3299841373699459, 0.286133618490098, 0.37055408177166715, 0.3928204944268092]",13.021129032258063,11.280289614569663,14.761968449946464,0.34999306348764525,0.2974794929392547,0.4025066340360358
"{'bootstrap': False, 'max_depth': 10, 'max_features': 'sqrt', 'min_samples_leaf': 1, 'min_samples_split': 10, 'n_estimators': 100}","[11.662096774193548, 15.162096774193548, 12.589516129032258, 13.111290322580645, 12.731451612903227]","[0.3723393437379984, 0.34030017107579735, 0.2823640877229002, 0.36040426634023537, 0.38566026696891864]",13.051290322580645,11.44376759281043,14.65881305235086,0.34821362716917,0.29803865735042256,0.3983885969879174
"{'bootstrap': False, 'max_depth': 10, 'max_features': 'sqrt', 'min_samples_leaf': 2, 'min_samples_split': 5, 'n_estimators': 1000}","[11.603225806451613, 15.491935483870968, 12.595967741935484, 13.003225806451614, 12.629032258064516]","[0.37550781257882027, 0.325948954117657, 0.28199632862366153, 0.36567587590539774, 0.39060238048604967]",13.064677419354837,11.260984233615094,14.86837060509458,0.34794627034231723,0.293373767463466,0.40251877322116847
"{'bootstrap': True, 'max_depth': 10, 'max_features': 'sqrt', 'min_samples_leaf': 1, 'min_samples_split': 2, 'n_estimators': 100}","[11.557258064516128, 15.40241935483871, 12.626612903225807, 13.057258064516128, 12.682258064516128]","[0.3779818224956264, 0.3298437831698662, 0.2802494729022773, 0.36304007112281644, 0.38803403802832803]",13.065161290322582,11.300911261580296,14.829411319064867,0.3478298375437828,0.29353817692380835,0.4021214981637573
"{'bootstrap': True, 'max_depth': 10, 'max_features': 'sqrt', 'min_samples_leaf': 1, 'min_samples_split': 2, 'n_estimators': 1000}","[11.624193548387098, 15.441129032258065, 12.63225806451613, 12.928225806451612, 12.738709677419354]","[0.37437931682729464, 0.32815953276891086, 0.2799276836904434, 0.3693345303050998, 0.38531003845195655]",13.072903225806453,11.313193474464557,14.832612977148349,0.34742222040874104,0.2934102476993132,0.4014341931181689
"{'bootstrap': False, 'max_depth': 10, 'max_features': 'sqrt', 'min_samples_leaf': 2, 'min_samples_split': 2, 'n_estimators': 500}","[11.595161290322581, 15.50725806451613, 12.601612903225806, 13.021774193548387, 12.641935483870968]","[0.37594184940633, 0.32528227166727874, 0.28167453941182763, 0.3647710473979444, 0.3899797520114505]",13.073548387096775,11.261371305523387,14.885725468670163,0.3475298919789663,0.29291653411035684,0.4021432498475757
"{'bootstrap': False, 'max_depth': 10, 'max_features': 'sqrt', 'min_samples_leaf': 2, 'min_samples_split': 5, 'n_estimators': 500}","[11.55, 15.581451612903226, 12.57983870967742, 13.050806451612903, 12.67258064516129]","[0.37837245564038535, 0.3220541250654476, 0.28291572637175855, 0.3633547940819306, 0.38850100938427745]",13.086935483870969,11.222895933095261,14.950975034646676,0.3470396221087599,0.2925507746002693,0.40152846961725047
"{'bootstrap': False, 'max_depth': 10, 'max_features': 'sqrt', 'min_samples_leaf': 2, 'min_samples_split': 10, 'n_estimators': 1000}","[11.470161290322581, 15.575806451612904, 12.587903225806452, 13.165322580645162, 12.651612903225807]","[0.38266942023273287, 0.322299744915587, 0.28245602749771004, 0.3577684615576542, 0.3895127806555011]",13.09016129032258,11.201661276809123,14.978661303836038,0.346941286971837,0.29151098910474527,0.40237158483892876
"{'bootstrap': False, 'max_depth': 10, 'max_features': 'sqrt', 'min_samples_leaf': 2, 'min_samples_split': 2, 'n_estimators': 1000}","[11.55483870967742, 15.528225806451612, 12.683064516129033, 12.99274193548387, 12.69758064516129]","[0.37811203354387934, 0.3243699693667612, 0.27703158078393786, 0.3661873007139582, 0.38729466671474155]",13.091290322580644,11.267406200432887,14.9151744447284,0.3465991102246556,0.2898119302857539,0.4033862901635573
"{'bootstrap': True, 'max_depth': 10, 'max_features': 'sqrt', 'min_samples_leaf': 1, 'min_samples_split': 5, 'n_estimators': 500}","[11.628225806451614, 15.42258064516129, 12.646774193548387, 13.133064516129032, 12.679032258064517]","[0.37416229841353965, 0.32896656941936864, 0.279100225717156, 0.359342076353225, 0.3881896951469779]",13.101935483870966,11.352091872354467,14.851779095387464,0.34595217301005343,0.2921263517926702,0.39977799422743665
"{'bootstrap': True, 'max_depth': 10, 'max_features': 'sqrt', 'min_samples_leaf': 1, 'min_samples_split': 5, 'n_estimators': 1000}","[11.598387096774193, 15.466935483870968, 12.611290322580645, 13.088709677419354, 12.745161290322581]","[0.37576823467532616, 0.3270366991682738, 0.2811229007629694, 0.3615057966971349, 0.384998724214657]",13.102096774193546,11.321912784874758,14.882280763512334,0.3460864711036723,0.29334831687381735,0.39882462533352725
"{'bootstrap': True, 'max_depth': 10, 'max_features': 'sqrt', 'min_samples_leaf': 1, 'min_samples_split': 5, 'n_estimators': 100}","[11.549193548387096, 15.543548387096774, 12.587096774193549, 13.268548387096773, 12.67258064516129]","[0.37841585932313626, 0.32370328691638317, 0.28250199738511483, 0.3527328942118275, 0.38850100938427745]",13.124193548387098,11.277579062100724,14.970808034673471,0.3451710094441479,0.2916635050909561,0.3986785137973397
"{'bootstrap': False, 'max_depth': 10, 'max_features': 'sqrt', 'min_samples_leaf': 2, 'min_samples_split': 2, 'n_estimators': 100}","[11.595161290322581, 15.545967741935485, 12.640322580645162, 13.17016129032258, 12.751612903225807]","[0.37594184940633, 0.3235980212663233, 0.2794679848163949, 0.3575324193383186, 0.3846874099773574]",13.140645161290323,11.322483019909713,14.958807302670932,0.34424553696094484,0.29069830475749786,0.3977927691643918
"{'bootstrap': False, 'max_depth': 10, 'max_features': 'sqrt', 'min_samples_leaf': 2, 'min_samples_split': 5, 'n_estimators': 100}","[11.575, 15.650806451612903, 12.549193548387096, 13.248387096774193, 12.738709677419354]","[0.37702694147510474, 0.319036509763736, 0.28466258209314277, 0.3537164034590594, 0.38531003845195655]",13.15241935483871,11.261740069347066,15.043098640330353,0.3439504950485999,0.2918753105362052,0.39602567956099466
"{'bootstrap': False, 'max_depth': 10, 'max_features': 'sqrt', 'min_samples_leaf': 2, 'min_samples_split': 10, 'n_estimators': 500}","[11.569354838709678, 15.670967741935485, 12.664516129032258, 13.241935483870968, 12.649193548387096]","[0.37733076725436165, 0.31815929601323834, 0.2780888881942494, 0.35403112641817347, 0.38962952349448843]",13.159193548387098,11.261005554042125,15.05738154273207,0.34344792027490223,0.2868734324894538,0.40002240806035066
"{'bootstrap': False, 'max_depth': 10, 'max_features': 'sqrt', 'min_samples_leaf': 2, 'min_samples_split': 10, 'n_estimators': 100}","[11.77741935483871, 15.595161290322581, 12.615322580645161, 13.266935483870968, 12.667741935483871]","[0.3661326171046073, 0.32145761971510933, 0.2808930513259452, 0.3528115749516061, 0.3887344950622522]",13.184516129032257,11.386356730865455,14.98267552719906,0.342005871631904,0.2899172352594188,0.39409450800438917
"{'bootstrap': True, 'max_depth': 10, 'max_features': 'sqrt', 'min_samples_leaf': 1, 'min_samples_split': 10, 'n_estimators': 1000}","[11.709677419354838, 15.580645161290322, 12.685483870967742, 13.216935483870968, 12.881451612903225]","[0.3697785264556901, 0.3220892136154676, 0.27689367112172336, 0.35525067788474085, 0.37842221095170314]",13.21483870967742,11.431211112035205,14.998466307319633,0.34048686000586503,0.28892553855398817,0.3920481814577419
"{'bootstrap': True, 'max_depth': 10, 'max_features': 'sqrt', 'min_samples_leaf': 1, 'min_samples_split': 10, 'n_estimators': 100}","[11.719354838709677, 15.968548387096774, 12.650806451612903, 13.213709677419354, 12.740322580645161]","[0.3692576822626784, 0.30521162105589406, 0.2788703762801318, 0.3554080393642979, 0.38523220989263174]",13.258548387096772,11.260941424250182,15.256155349943361,0.3387959857711268,0.2829929394707459,0.3945990320715077
"{'bootstrap': True, 'max_depth': 10, 'max_features': 'sqrt', 'min_samples_leaf': 2, 'min_samples_split': 2, 'n_estimators': 1000}","[11.655645161290323, 15.87258064516129, 12.656451612903226, 13.325806451612904, 12.830645161290322]","[0.3726865732000062, 0.3093871585082626, 0.2785485870682979, 0.3499397279496893, 0.38087381057043745]",13.268225806451614,11.309686273457373,15.226765339445855,0.3382871714593387,0.28439040044783387,0.3921839424708435
"{'bootstrap': True, 'max_depth': 10, 'max_features': 'sqrt', 'min_samples_leaf': 1, 'min_samples_split': 10, 'n_estimators': 500}","[11.743548387096775, 15.834677419354838, 12.685483870967742, 13.223387096774193, 12.859677419354838]","[0.3679555717801488, 0.31103632035919804, 0.27689367112172336, 0.3549359549256268, 0.3794728965025893]",13.269354838709678,11.363914404271673,15.174795273147682,0.33805888293785724,0.2847787273641877,0.3913390385115268
"{'bootstrap': True, 'max_depth': 10, 'max_features': 'sqrt', 'min_samples_leaf': 2, 'min_samples_split': 2, 'n_estimators': 100}","[11.606451612903227, 15.841129032258065, 12.625, 13.474193548387097, 12.804032258064517]","[0.3753341978478163, 0.3107556119590389, 0.2803414126770869, 0.3427010998900635, 0.3821579817992983]",13.270161290322582,11.301727936490616,15.238594644154547,0.33825806083466076,0.2847356217415749,0.3917804999277466
"{'bootstrap': True, 'max_depth': 10, 'max_features': 'sqrt', 'min_samples_leaf': 2, 'min_samples_split': 2, 'n_estimators': 500}","[11.665322580645162, 15.894354838709678, 12.674193548387096, 13.426612903225806, 12.762096774193548]","[0.3721657290069943, 0.3084397676577252, 0.27753724954539116, 0.3450221817135306, 0.3841815243417456]",13.284516129032259,11.311612746309233,15.257419511755284,0.33746929045307733,0.28236722569112027,0.3925713552150344
"{'bootstrap': True, 'max_depth': 10, 'max_features': 'sqrt', 'min_samples_leaf': 2, 'min_samples_split': 5, 'n_estimators': 100}","[11.623387096774193, 16.013709677419357, 12.516129032258064, 13.305645161290322, 12.971774193548388]","[0.37442272051004566, 0.3032466622547796, 0.2865473474767416, 0.3509232371969211, 0.37406381162950897]",13.286129032258065,11.236771464928678,15.335486599587453,0.33784075581359935,0.28721623143315994,0.38846528019403875
"{'bootstrap': True, 'max_depth': 10, 'max_features': 'sqrt', 'min_samples_leaf': 2, 'min_samples_split': 5, 'n_estimators': 1000}","[11.705645161290322, 15.88225806451613, 12.581451612903226, 13.391129032258064, 12.929032258064517]","[0.36999554486944497, 0.3089660959080238, 0.28282378659694885, 0.34675315798865847, 0.3761262684516187]",13.297903225806454,11.347242027484329,15.24856442412858,0.336932970762939,0.2871283342928236,0.3867376072330544
"{'bootstrap': False, 'max_depth': 10, 'max_features': 'sqrt', 'min_samples_leaf': 4, 'min_samples_split': 10, 'n_estimators': 1000}","[11.60483870967742, 15.964516129032258, 12.75, 13.441129032258065, 12.804032258064517]","[0.3754210052133182, 0.3053870638059937, 0.2732160801293353, 0.3443140550555236, 0.3821579817992983]",13.312903225806451,11.297274166703064,15.328532284909839,0.3360992372006938,0.27841655490515815,0.3937819194962294
"{'bootstrap': True, 'max_depth': 10, 'max_features': 'sqrt', 'min_samples_leaf': 2, 'min_samples_split': 10, 'n_estimators': 100}","[11.662903225806451, 16.008064516129032, 12.71774193548387, 13.439516129032258, 12.766129032258064]","[0.37229594005524724, 0.30349228210491874, 0.2750548756255293, 0.34439273579530216, 0.3839869529434333]",13.318870967741935,11.292310789983263,15.345431145500607,0.33584455730488616,0.27873638164498415,0.39295273296478817
"{'bootstrap': True, 'max_depth': 10, 'max_features': 'sqrt', 'min_samples_leaf': 2, 'min_samples_split': 5, 'n_estimators': 500}","[11.650806451612903, 15.90725806451613, 12.65241935483871, 13.529032258064516, 12.890322580645162]","[0.372946995296512, 0.3078783508574068, 0.2787784365053221, 0.3400259547375931, 0.37799415387541624]",13.325967741935482,11.347673702142442,15.304261781728522,0.33552477825445004,0.28281324207843783,0.38823631443046225
"{'bootstrap': False, 'max_depth': 10, 'max_features': 'sqrt', 'min_samples_leaf': 4, 'min_samples_split': 10, 'n_estimators': 100}","[11.716129032258065, 16.050806451612903, 12.653225806451612, 13.442741935483872, 12.785483870967742]","[0.36943129699368227, 0.3016325889538639, 0.2787324666179173, 0.344235374315745, 0.3830530102315347]",13.32967741935484,11.291816019676478,15.367538819033204,0.33541694742254863,0.2803815008350841,0.39045239401001314
"{'bootstrap': False, 'max_depth': 10, 'max_features': 'sqrt', 'min_samples_leaf': 4, 'min_samples_split': 10, 'n_estimators': 500}","[11.573387096774194, 16.00564516129032, 12.807258064516128, 13.441129032258065, 12.846774193548388]","[0.3771137488406068, 0.3035975477549786, 0.26995221812359105, 0.3443140550555236, 0.38009552497718846]",13.334838709677419,11.298002093787206,15.371675325567631,0.3350146189503777,0.2757544153354441,0.3942748225653113
"{'bootstrap': False, 'max_depth': 10, 'max_features': 'sqrt', 'min_samples_leaf': 4, 'min_samples_split': 5, 'n_estimators': 100}","[11.762096774193548, 15.93467741935484, 12.670967741935485, 13.551612903225806, 12.788709677419355]","[0.36695728707687614, 0.30668534015673, 0.27772112909501057, 0.3389244243806935, 0.38289735311288475]",13.341612903225808,11.376562260337618,15.306663546113999,0.334637106764439,0.28118510740429253,0.3880891061245854
"{'bootstrap': False, 'max_depth': 10, 'max_features': 'sqrt', 'min_samples_leaf': 4, 'min_samples_split': 2, 'n_estimators': 100}","[11.762096774193548, 15.93467741935484, 12.670967741935485, 13.551612903225806, 12.788709677419355]","[0.36695728707687614, 0.30668534015673, 0.27772112909501057, 0.3389244243806935, 0.38289735311288475]",13.341612903225808,11.376562260337618,15.306663546113999,0.334637106764439,0.28118510740429253,0.3880891061245854
"{'bootstrap': False, 'max_depth': 10, 'max_features': 'sqrt', 'min_samples_leaf': 4, 'min_samples_split': 2, 'n_estimators': 1000}","[11.587903225806452, 16.087096774193547, 12.77016129032258, 13.457258064516129, 12.864516129032259]","[0.376332482551089, 0.30005360420296834, 0.2720668329442142, 0.3435272476577381, 0.37923941082461465]",13.35338709677419,11.277538198497592,15.429235995050789,0.3342439156361249,0.2756182094930784,0.39286962177917134
"{'bootstrap': False, 'max_depth': 10, 'max_features': 'sqrt', 'min_samples_leaf': 4, 'min_samples_split': 5, 'n_estimators': 1000}","[11.587903225806452, 16.087096774193547, 12.77016129032258, 13.457258064516129, 12.864516129032259]","[0.376332482551089, 0.30005360420296834, 0.2720668329442142, 0.3435272476577381, 0.37923941082461465]",13.35338709677419,11.277538198497592,15.429235995050789,0.3342439156361249,0.2756182094930784,0.39286962177917134
"{'bootstrap': True, 'max_depth': 10, 'max_features': 'sqrt', 'min_samples_leaf': 2, 'min_samples_split': 10, 'n_estimators': 1000}","[11.637903225806452, 15.92016129032258, 12.753225806451614, 13.55483870967742, 12.923387096774194]","[0.37364145422052786, 0.30731693405708826, 0.2730322005797159, 0.33876706290113634, 0.37639866840925573]",13.357903225806453,11.383229080358554,15.332577371254352,0.33383126403354485,0.27892804286560785,0.38873448520148185
"{'bootstrap': False, 'max_depth': 10, 'max_features': 'sqrt', 'min_samples_leaf': 4, 'min_samples_split': 5, 'n_estimators': 500}","[11.578225806451613, 16.076612903225808, 12.779032258064516, 13.456451612903226, 12.925]","[0.3768533267441009, 0.3005097553532271, 0.2715611641827608, 0.3435665880276275, 0.3763208398499309]",13.363064516129032,11.295525295708064,15.430603736550001,0.3337623348315294,0.275725655921945,0.3917990137411138
"{'bootstrap': False, 'max_depth': 10, 'max_features': 'sqrt', 'min_samples_leaf': 4, 'min_samples_split': 2, 'n_estimators': 500}","[11.578225806451613, 16.076612903225808, 12.779032258064516, 13.456451612903226, 12.925]","[0.3768533267441009, 0.3005097553532271, 0.2715611641827608, 0.3435665880276275, 0.3763208398499309]",13.363064516129032,11.295525295708064,15.430603736550001,0.3337623348315294,0.275725655921945,0.3917990137411138
"{'bootstrap': True, 'max_depth': 10, 'max_features': 'sqrt', 'min_samples_leaf': 2, 'min_samples_split': 10, 'n_estimators': 500}","[11.71532258064516, 15.98225806451613, 12.768548387096773, 13.601612903225806, 12.854032258064516]","[0.3694747006764333, 0.3046151157055558, 0.2721587727190238, 0.3364853214475587, 0.3797452964602265]",13.384354838709678,11.397456680933356,15.371252996486,0.3324958414017596,0.276849897668045,0.38814178513547415
"{'bootstrap': True, 'max_depth': 10, 'max_features': 'sqrt', 'min_samples_leaf': 4, 'min_samples_split': 10, 'n_estimators': 1000}","[11.791129032258064, 16.229032258064517, 12.731451612903227, 13.850806451612904, 13.025806451612903]","[0.36539475449784065, 0.29387801939946534, 0.2742733875396469, 0.3243291471517741, 0.3714565548921248]",13.525645161290324,11.438397270930421,15.612893051650227,0.32586637269617036,0.2727193402098225,0.3790134051825182
"{'bootstrap': True, 'max_depth': 10, 'max_features': 'sqrt', 'min_samples_leaf': 4, 'min_samples_split': 5, 'n_estimators': 1000}","[11.738709677419354, 16.245967741935484, 12.846774193548388, 13.837903225806452, 12.980645161290322]","[0.3682159938766547, 0.2931411598490473, 0.2676996936407534, 0.3249585930700024, 0.37363575455322195]",13.529999999999998,11.429367024411604,15.63063297558839,0.32553023899793593,0.2681915537313454,0.38286892426452646
"{'bootstrap': True, 'max_depth': 10, 'max_features': 'sqrt', 'min_samples_leaf': 4, 'min_samples_split': 2, 'n_estimators': 1000}","[11.738709677419354, 16.245967741935484, 12.846774193548388, 13.837903225806452, 12.980645161290322]","[0.3682159938766547, 0.2931411598490473, 0.2676996936407534, 0.3249585930700024, 0.37363575455322195]",13.529999999999998,11.429367024411604,15.63063297558839,0.32553023899793593,0.2681915537313454,0.38286892426452646
"{'bootstrap': True, 'max_depth': 10, 'max_features': 'sqrt', 'min_samples_leaf': 4, 'min_samples_split': 2, 'n_estimators': 500}","[11.71774193548387, 16.294354838709676, 12.762096774193548, 13.868548387096775, 13.039516129032258]","[0.36934448962818034, 0.291035846847853, 0.2725265318182626, 0.32346365901421015, 0.37079501213786314]",13.536451612903225,11.397453936903652,15.675449288902797,0.3254331078892739,0.2700012305097873,0.38086498526876045
"{'bootstrap': True, 'max_depth': 10, 'max_features': 'sqrt', 'min_samples_leaf': 4, 'min_samples_split': 5, 'n_estimators': 500}","[11.71774193548387, 16.294354838709676, 12.762096774193548, 13.868548387096775, 13.039516129032258]","[0.36934448962818034, 0.291035846847853, 0.2725265318182626, 0.32346365901421015, 0.37079501213786314]",13.536451612903225,11.397453936903652,15.675449288902797,0.3254331078892739,0.2700012305097873,0.38086498526876045
"{'bootstrap': True, 'max_depth': 10, 'max_features': 'sqrt', 'min_samples_leaf': 4, 'min_samples_split': 10, 'n_estimators': 100}","[11.696774193548388, 16.418548387096774, 12.737096774193548, 13.843548387096774, 13.131451612903225]","[0.37047298537970597, 0.285632210144788, 0.2739515983278129, 0.3246832104807774, 0.36635878425634394]",13.565483870967743,11.363150099828015,15.76781764210747,0.3242197577178857,0.26893028458181273,0.37950923085395866
"{'bootstrap': True, 'max_depth': 10, 'max_features': 'sqrt', 'min_samples_leaf': 4, 'min_samples_split': 2, 'n_estimators': 100}","[11.891129032258064, 16.384677419354837, 12.786290322580646, 13.764516129032257, 13.031451612903226]","[0.3600126978367184, 0.28710592924562395, 0.27114743519611717, 0.3285385667299261, 0.37118415493448764]",13.571612903225807,11.449577213245787,15.693648593205827,0.32359775678857466,0.2691284092406421,0.37806710433650725
"{'bootstrap': True, 'max_depth': 10, 'max_features': 'sqrt', 'min_samples_leaf': 4, 'min_samples_split': 5, 'n_estimators': 100}","[11.891129032258064, 16.384677419354837, 12.786290322580646, 13.764516129032257, 13.031451612903226]","[0.3600126978367184, 0.28710592924562395, 0.27114743519611717, 0.3285385667299261, 0.37118415493448764]",13.571612903225807,11.449577213245787,15.693648593205827,0.32359775678857466,0.2691284092406421,0.37806710433650725
"{'bootstrap': True, 'max_depth': 10, 'max_features': 'sqrt', 'min_samples_leaf': 4, 'min_samples_split': 10, 'n_estimators': 500}","[11.812903225806451, 16.301612903225806, 12.765322580645162, 13.878225806451614, 13.11774193548387]","[0.364222855063564, 0.2907200498976741, 0.2723426522686432, 0.32299157457553884, 0.3670203270106056]",13.57516129032258,11.470182703776956,15.680139876868203,0.3234594917632051,0.27061862998279496,0.37630035354361524
