param,xgb_mse_cv_results,xgb_adj_r2_cv_results,early_stopping_rounds,early_stopping_round_mean,xgb_mse_mean,xgb_mse_95_ci_lower,xgb_mse_95_ci_upper,xgb_adj_r2_mean,xgb_adj_r2_95_ci_lower,xgb_adj_r2_95_ci_upper
"{'colsample_bytree': 0.8, 'gamma': 0.1, 'learning_rate': 0.01, 'max_depth': 6, 'reg_lambda': 1, 'subsample': 0.8}","[10.946774193548388, 13.734677419354838, 12.714516129032258, 12.17258064516129, 11.875, 11.762903225806452, 10.483064516129032, 11.70483870967742, 16.563709677419354, 13.079032258064515, 10.533870967741935, 10.85, 16.01451612903226, 13.408870967741935, 11.591935483870968]","[0.4108384103381224, 0.40240690461102624, 0.2752387551751486, 0.40619645689134665, 0.4269872319704394, 0.4061998201719381, 0.4138601768906053, 0.3767347947327543, 0.3058048417940461, 0.3461464304469343, 0.39550376704016, 0.3852831722222305, 0.3573203596865454, 0.3866947847327097, 0.3713474060356119]","[447, 1029, 809, 1802, 811, 996, 809, 672, 480, 866, 497, 750, 509, 1416, 1187]",872.0,12.495752688172043,11.479319841595016,13.51218553474907,0.3777708875159746,0.3545363565020147,0.4010054185299345
"{'colsample_bytree': 0.8, 'gamma': 0, 'learning_rate': 0.01, 'max_depth': 6, 'reg_lambda': 3, 'subsample': 0.8}","[11.008064516129032, 13.854032258064516, 12.650806451612903, 12.29758064516129, 11.893548387096773, 11.49274193548387, 10.261290322580646, 11.698387096774194, 16.529032258064515, 13.380645161290323, 10.45241935483871, 11.137903225806452, 16.25241935483871, 13.387903225806452, 11.39516129032258]","[0.40753973044904745, 0.39721379920808064, 0.2788703762801318, 0.40009869955850963, 0.4260922035382031, 0.4198377647929721, 0.4262602423844959, 0.3770783334982316, 0.30725819355425155, 0.3310680462434046, 0.4001779455372466, 0.36897174755174866, 0.34777304908666284, 0.38765382338050836, 0.382018842860943]","[423, 1471, 880, 3062, 1097, 876, 975, 667, 501, 744, 380, 1122, 492, 1571, 1224]",1032.0,12.512795698924728,11.46307533612421,13.562516061725248,0.3771941865282959,0.3529903319252799,0.4013980411313119
"{'colsample_bytree': 0.8, 'gamma': 0.1, 'learning_rate': 0.01, 'max_depth': 3, 'reg_lambda': 3, 'subsample': 1}","[11.024193548387096, 14.433064516129033, 12.584677419354838, 12.20241935483871, 12.112903225806452, 11.980645161290322, 10.401612903225807, 11.337096774193549, 16.601612903225806, 13.483870967741936, 10.432258064516128, 10.42741935483871, 16.198387096774194, 13.35483870967742, 11.293548387096774]","[0.40667165679402795, 0.37202022029379, 0.28263990704732944, 0.40474086320544356, 0.4155075194700171, 0.39520804391020925, 0.418414382762907, 0.39631650436496213, 0.30421629452126364, 0.3259075297245493, 0.401334920412763, 0.40922487117834405, 0.34994142132460226, 0.38916615355588335, 0.38752950286090915]","[1215, 1879, 1363, 2394, 3642, 1625, 2951, 1500, 1277, 2461, 1199, 1745, 1883, 2916, 2808]",2057.0,12.524569892473117,11.432910914323081,13.616228870623154,0.3772559860951334,0.35384984129152386,0.4006621308987429
"{'colsample_bytree': 0.8, 'gamma': 0.1, 'learning_rate': 0.01, 'max_depth': 3, 'reg_lambda': 1, 'subsample': 0.8}","[10.961290322580645, 13.946774193548388, 12.591935483870968, 12.179032258064517, 11.670967741935485, 12.18467741935484, 10.244354838709677, 11.17016129032258, 17.051612903225806, 13.311290322580644, 10.346774193548388, 10.727419354838709, 16.278225806451612, 13.720967741935484, 11.512096774193548]","[0.4100571440486046, 0.39317861595579184, 0.28222617806068573, 0.40588173393223237, 0.43683254472503896, 0.38490834245014494, 0.42720715647675667, 0.405205569921688, 0.28535652051673954, 0.3345352682795102, 0.40624049388495276, 0.3922280925301108, 0.34673740861481117, 0.3724198633212439, 0.3756772103212995]","[932, 1892, 1629, 3247, 1365, 1882, 2022, 1227, 788, 2057, 945, 1958, 1080, 3759, 3072]",1857.0,12.526505376344085,11.398363237133218,13.654647515554952,0.3772461428693074,0.3514594420395714,0.4030328436990434
"{'colsample_bytree': 0.8, 'gamma': 0, 'learning_rate': 0.01, 'max_depth': 3, 'reg_lambda': 3, 'subsample': 1}","[11.023387096774194, 14.390322580645162, 12.661290322580646, 12.265322580645162, 11.903225806451612, 12.051612903225806, 10.384677419354839, 11.397580645161291, 16.47983870967742, 13.591935483870968, 10.385483870967741, 10.478225806451613, 16.254032258064516, 13.415322580645162, 11.299193548387096]","[0.40671506047677886, 0.37387991344484484, 0.2782727677438688, 0.40167231435408046, 0.4256252321822538, 0.39162553905453457, 0.41936129685516776, 0.3930958284386121, 0.30931992512105433, 0.3205051139938728, 0.4040191021239611, 0.4063463844717884, 0.34770832155717213, 0.3863996959180024, 0.3872233550831333]","[1371, 1824, 1191, 2151, 2540, 1969, 3240, 1479, 1342, 3540, 1214, 1423, 2153, 4302, 2396]",2142.0,12.532096774193548,11.444197934571095,13.619995613816,0.37678465672127504,0.3527850924519867,0.4007842209905634
"{'colsample_bytree': 0.8, 'gamma': 0.1, 'learning_rate': 0.01, 'max_depth': 3, 'reg_lambda': 3, 'subsample': 0.8}","[11.124193548387098, 14.035483870967742, 12.599193548387097, 12.109677419354838, 11.800806451612903, 11.728225806451613, 10.258064516129032, 11.27016129032258, 16.780645161290323, 13.438709677419356, 10.391129032258064, 10.84032258064516, 16.45967741935484, 13.6, 11.550806451612903]","[0.4012896001329057, 0.38931887545360233, 0.2818124490740421, 0.40926500574270963, 0.4305673456993847, 0.4079503623173245, 0.42644060697349795, 0.39988071905678946, 0.2967129435732272, 0.32816525570154853, 0.40369514915881655, 0.38583145540443164, 0.339455561547104, 0.3779527785970058, 0.37357791127369333]","[1050, 1964, 2587, 3244, 3062, 1887, 2022, 1188, 877, 2111, 955, 2002, 1167, 3774, 4019]",2127.0,12.532473118279572,11.422764321030526,13.642181915528619,0.3767944013137389,0.3517288424188081,0.40185996020866976
"{'colsample_bytree': 0.8, 'gamma': 0, 'learning_rate': 0.01, 'max_depth': 3, 'reg_lambda': 3, 'subsample': 0.8}","[11.124193548387098, 14.089516129032258, 12.578225806451613, 12.125, 11.848387096774193, 11.75241935483871, 10.271774193548387, 11.274193548387096, 16.780645161290323, 13.410483870967742, 10.380645161290323, 10.82741935483871, 16.445967741935483, 13.6, 11.491129032258064]","[0.4012896001329057, 0.38696794260226886, 0.28300766614656814, 0.40851753871481356, 0.42827140319930024, 0.4067290538437991, 0.42567405747023923, 0.3996660073283661, 0.2967129435732272, 0.32957633443717294, 0.4042967760940852, 0.38656249964736644, 0.3400057455477753, 0.3779527785970058, 0.3768143306387528]","[1050, 1946, 2588, 3244, 3178, 1868, 2022, 1188, 877, 2111, 955, 2002, 1167, 3762, 3766]",2115.0,12.533333333333331,11.423388314247564,13.643278352419099,0.37680297853157646,0.35211984320659273,0.4014861138565602
"{'colsample_bytree': 1, 'gamma': 0.1, 'learning_rate': 0.01, 'max_depth': 3, 'reg_lambda': 3, 'subsample': 0.8}","[11.037096774193548, 14.009677419354839, 12.561290322580644, 12.050806451612903, 11.887903225806452, 11.692741935483872, 10.238709677419354, 11.408870967741935, 16.68548387096774, 13.503225806451614, 10.380645161290323, 10.82983870967742, 16.551612903225806, 13.796774193548387, 11.366129032258064]","[0.4059771978700121, 0.39044170905423925, 0.28397303378207006, 0.4121368527446264, 0.42636460349584016, 0.4097416147451618, 0.4275227945075102, 0.39249463559902686, 0.30070121119425564, 0.3249399328772641, 0.4042967760940852, 0.3864254288518161, 0.33576609236613253, 0.36895256974843305, 0.3835933171466477]","[1086, 3446, 2445, 3072, 3091, 1883, 2305, 1178, 892, 2284, 938, 1206, 1083, 4039, 2645]",2106.0,12.533387096774197,11.414734265355987,13.652039928192407,0.3768885180051414,0.3519532005227564,0.40182383548752637
"{'colsample_bytree': 1, 'gamma': 0, 'learning_rate': 0.01, 'max_depth': 3, 'reg_lambda': 3, 'subsample': 0.8}","[11.037096774193548, 14.001612903225807, 12.490322580645161, 12.089516129032258, 11.879032258064516, 11.711290322580645, 10.258064516129032, 11.408870967741935, 16.68548387096774, 13.514516129032257, 10.380645161290323, 10.805645161290322, 16.551612903225806, 13.72258064516129, 11.495967741935484]","[0.4059771978700121, 0.39079259455443816, 0.2880183838736967, 0.4102485149899414, 0.42679266057212717, 0.4088052782487923, 0.42644060697349795, 0.39249463559902686, 0.30070121119425564, 0.3243755013830143, 0.4042967760940852, 0.3877961368073187, 0.33576609236613253, 0.3723460911175671, 0.3765519182578021]","[1086, 2214, 2187, 3072, 3022, 1974, 2305, 1178, 892, 2262, 938, 1206, 1083, 4039, 3027]",2032.0,12.535483870967743,11.422027762665204,13.648939979270283,0.3767602399934473,0.35226018137133996,0.4012602986155547
"{'colsample_bytree': 0.8, 'gamma': 0, 'learning_rate': 0.01, 'max_depth': 6, 'reg_lambda': 1, 'subsample': 0.8}","[10.941129032258065, 13.75, 12.704032258064515, 12.26774193548387, 11.873387096774193, 11.733064516129032, 10.641935483870968, 11.765322580645162, 16.59758064516129, 13.241935483870968, 10.54516129032258, 10.870161290322581, 16.01290322580645, 13.490322580645161, 11.667741935483871]","[0.4111422361173793, 0.4017402221606481, 0.27583636371141174, 0.4015542932444125, 0.42706506052976434, 0.40770610062261947, 0.40497722088225463, 0.3735141188064043, 0.30438528891198524, 0.338002490315616, 0.3948558611098707, 0.38414091559264485, 0.3573850872160361, 0.38296928844703004, 0.36723627873404974]","[443, 907, 758, 2536, 811, 832, 953, 728, 480, 735, 408, 1041, 451, 1512, 1188]",919.0,12.540161290322578,11.526907179188186,13.55341540145697,0.3755007217601418,0.35233223473871184,0.3986692087815718
"{'colsample_bytree': 0.8, 'gamma': 0.1, 'learning_rate': 0.01, 'max_depth': 6, 'reg_lambda': 3, 'subsample': 0.8}","[10.968548387096774, 13.914516129032258, 12.693548387096774, 12.314516129032258, 11.879032258064516, 11.475806451612904, 10.371774193548386, 11.701612903225806, 16.587096774193547, 13.499193548387098, 10.485483870967743, 11.129838709677419, 16.237903225806452, 13.419354838709678, 11.428225806451612]","[0.40966651090384587, 0.3945821579565879, 0.27643397224767474, 0.3992725517908349, 0.42679266057212717, 0.42069268072443977, 0.4200827552111759, 0.37690656411549295, 0.3048246743278613, 0.3251415155537818, 0.3982805067413995, 0.36942865020358284, 0.3483555968520794, 0.38621526540881024, 0.38022569159111286]","[423, 1474, 896, 3209, 1155, 853, 873, 668, 512, 732, 380, 1114, 492, 1583, 1274]",1043.0,12.540430107526882,11.487630312871763,13.593229902182001,0.3757934502800538,0.3512349516058014,0.40035194895430615
"{'colsample_bytree': 0.8, 'gamma': 0, 'learning_rate': 0.1, 'max_depth': 3, 'reg_lambda': 3, 'subsample': 1}","[11.063709677419356, 14.40725806451613, 12.487903225806452, 12.46774193548387, 11.82741935483871, 11.843548387096774, 10.45483870967742, 11.329032258064515, 16.530645161290323, 13.65725806451613, 10.183870967741935, 10.698387096774194, 16.16774193548387, 13.442741935483872, 11.579032258064515]","[0.40454487633922964, 0.3731430538944269, 0.2881562935359113, 0.39179788151187345, 0.429283174470524, 0.40212879192685336, 0.4154383670443732, 0.39674592782180873, 0.30719059579796293, 0.3172394746342849, 0.4155888508791258, 0.3938729420767141, 0.3511712443849261, 0.3851455684554962, 0.3720471723848138]","[114, 247, 353, 707, 309, 218, 264, 142, 129, 222, 160, 168, 199, 288, 280]",253.0,12.54274193548387,11.460220175854896,13.625263695112842,0.3762329476772217,0.3527912731093737,0.3996746222450697
"{'colsample_bytree': 0.8, 'gamma': 0, 'learning_rate': 0.01, 'max_depth': 3, 'reg_lambda': 1, 'subsample': 0.8}","[10.961290322580645, 14.098387096774193, 12.596774193548388, 12.19032258064516, 11.670967741935485, 12.255645161290323, 10.34758064516129, 11.173387096774194, 17.051612903225806, 13.293548387096774, 10.346774193548388, 10.739516129032259, 16.273387096774194, 13.706451612903226, 11.495161290322581]","[0.4100571440486046, 0.38658196855204996, 0.28195035873625673, 0.4053309687537826, 0.43683254472503896, 0.38132583759447025, 0.42143548962869115, 0.40503380053894933, 0.28535652051673954, 0.3354222320561885, 0.40624049388495276, 0.39154273855235944, 0.3469315912032833, 0.37308381315433525, 0.3765956536546272]","[932, 1474, 1629, 3190, 1365, 2052, 2022, 1227, 788, 2102, 945, 1958, 1080, 3759, 2489]",1801.0,12.54672043010753,11.42032018662477,13.673120673590292,0.37624807704002194,0.35083370830817745,0.40166244577186644
"{'colsample_bytree': 1, 'gamma': 0, 'learning_rate': 0.01, 'max_depth': 3, 'reg_lambda': 1, 'subsample': 0.8}","[10.950806451612904, 14.049193548387096, 12.624193548387098, 12.071774193548388, 11.745161290322581, 12.254838709677419, 10.318548387096774, 11.120967741935484, 16.971774193548388, 13.389516129032257, 10.421774193548387, 10.423387096774194, 16.469354838709677, 13.900806451612903, 11.698387096774194]","[0.41062139192436753, 0.38872237010326405, 0.2803873825644918, 0.41111400312750535, 0.4332524309960937, 0.38136654787692115, 0.42305877092970956, 0.4078250530084526, 0.28870260945302595, 0.3306245643550654, 0.4019365473480315, 0.40945332250426114, 0.3390671963701597, 0.36419426261127785, 0.36557433365469494]","[1024, 1673, 1495, 2507, 1372, 2044, 1759, 1188, 750, 2204, 776, 1201, 1081, 4066, 2908]",1737.0,12.560698924731183,11.41412989947349,13.707267949988875,0.3757267191218215,0.3495204015812082,0.4019330366624348
"{'colsample_bytree': 1, 'gamma': 0.1, 'learning_rate': 0.01, 'max_depth': 3, 'reg_lambda': 1, 'subsample': 0.8}","[10.881451612903225, 14.025806451612903, 12.637903225806452, 12.12741935483871, 11.73225806451613, 12.230645161290322, 10.305645161290322, 11.162903225806451, 16.971774193548388, 13.371774193548386, 10.421774193548387, 10.528225806451612, 16.474193548387095, 13.851612903225806, 11.689516129032258]","[0.41435410864095235, 0.3897399380538412, 0.2796058944786094, 0.4083995176051458, 0.43387505947069294, 0.38258785635044645, 0.4237802292857178, 0.40559205103285, 0.28870260945302595, 0.33151152813174356, 0.4019365473480315, 0.40351358803041615, 0.33887301378168755, 0.3664443148234211, 0.36605542301977123]","[944, 1673, 1495, 3317, 1372, 1949, 1759, 1188, 750, 2199, 776, 1041, 1081, 4066, 2939]",1770.0,12.560860215053763,11.418666625657577,13.703053804449949,0.3756647786337569,0.34954310994575644,0.4017864473217574
"{'colsample_bytree': 0.8, 'gamma': 0, 'learning_rate': 0.1, 'max_depth': 3, 'reg_lambda': 3, 'subsample': 0.8}","[10.925806451612903, 14.140322580645162, 12.771774193548387, 12.166935483870967, 11.785483870967742, 11.87741935483871, 10.454032258064515, 11.489516129032259, 16.62016129032258, 13.474193548387097, 10.584677419354838, 10.82983870967742, 16.436290322580646, 13.524193548387096, 11.42983870967742]","[0.41196690608964803, 0.3847573639510149, 0.2719748931694045, 0.4064718394805714, 0.4313067170129713, 0.40041896006391764, 0.4154834581916238, 0.3882004010305601, 0.3034389203239446, 0.32639132814819205, 0.3925881903538585, 0.3864254288518161, 0.3403941107247196, 0.38142007216981666, 0.3801382207974625]","[162, 472, 179, 212, 124, 236, 242, 98, 87, 168, 94, 157, 147, 174, 317]",191.0,12.56736559139785,11.485192218908209,13.649538963887492,0.37475845402396823,0.3500438889282453,0.3994730191196912
"{'colsample_bytree': 0.8, 'gamma': 0, 'learning_rate': 0.01, 'max_depth': 3, 'reg_lambda': 1, 'subsample': 1}","[10.895967741935484, 14.323387096774194, 12.595161290322581, 12.358870967741936, 11.896774193548387, 12.338709677419354, 10.475, 11.261290322580646, 16.698387096774194, 13.683870967741935, 10.251612903225807, 10.437903225806451, 16.066129032258065, 13.491935483870968, 11.74758064516129]","[0.41357284235143454, 0.3767922630964968, 0.28204229851106644, 0.397108831446925, 0.42593654641955325, 0.3771326785020329, 0.4143110883631105, 0.40035308485932075, 0.3001604291439467, 0.31590902896926754, 0.41170141529739046, 0.4086308977309596, 0.35524907874284206, 0.38289551624335316, 0.3629064744483621]","[1223, 2029, 1130, 2301, 1967, 1553, 2110, 1380, 1183, 1934, 1016, 1391, 1799, 2874, 2636]",1768.0,12.568172043010753,11.475696620790828,13.660647465230678,0.37498016494173747,0.35040179330799476,0.3995585365754802
"{'colsample_bytree': 0.8, 'gamma': 0.1, 'learning_rate': 0.1, 'max_depth': 3, 'reg_lambda': 3, 'subsample': 1}","[11.063709677419356, 14.413709677419355, 12.398387096774194, 12.483064516129032, 12.07016129032258, 11.751612903225807, 10.504838709677419, 11.332258064516129, 16.530645161290323, 13.623387096774193, 10.504838709677419, 10.633870967741936, 16.16774193548387, 13.469354838709677, 11.670967741935485]","[0.40454487633922964, 0.3728623454942678, 0.2932589510378496, 0.39105041448397726, 0.4175699762921268, 0.40676976412625, 0.4126427159148416, 0.39657415843906996, 0.30719059579796293, 0.3189327691170343, 0.39716981086090375, 0.39752816329138785, 0.3511712443849261, 0.3839283270948287, 0.36706133714674927]","[114, 178, 117, 699, 389, 155, 314, 120, 129, 251, 79, 134, 199, 450, 450]",252.0,12.574569892473118,11.509431777002952,13.639708007943284,0.37455036332142705,0.3526133405738899,0.3964873860689642
"{'colsample_bytree': 0.8, 'gamma': 0.1, 'learning_rate': 0.01, 'max_depth': 3, 'reg_lambda': 1, 'subsample': 1}","[10.919354838709678, 14.262096774193548, 12.604032258064516, 12.386290322580646, 11.838709677419354, 12.308064516129033, 10.469354838709677, 11.308064516129033, 16.79193548387097, 13.624193548387098, 10.34274193548387, 10.548387096774194, 16.155645161290323, 13.369354838709677, 11.713709677419354]","[0.41231413555165597, 0.37945899289800955, 0.28153662974961313, 0.39577125887068987, 0.42873837455524966, 0.37867966923516516, 0.414626726393864, 0.3978624288096101, 0.29623975927920687, 0.3188924525817307, 0.40647188886005603, 0.4023713314008306, 0.35165670085610656, 0.388502203722792, 0.3647433611150175]","[1137, 2077, 1117, 2271, 1823, 1459, 2409, 1434, 1131, 2193, 1000, 1367, 1800, 3913, 2421]",1837.0,12.576129032258065,11.484066929143202,13.668191135372927,0.3745243942586399,0.3499836310157184,0.39906515750156146
"{'colsample_bytree': 0.8, 'gamma': 0.1, 'learning_rate': 0.1, 'max_depth': 3, 'reg_lambda': 3, 'subsample': 0.8}","[10.925806451612903, 14.140322580645162, 12.771774193548387, 12.166935483870967, 11.785483870967742, 11.87741935483871, 10.616129032258064, 11.489516129032259, 16.62016129032258, 13.474193548387097, 10.584677419354838, 10.82983870967742, 16.436290322580646, 13.55241935483871, 11.42983870967742]","[0.41196690608964803, 0.3847573639510149, 0.2719748931694045, 0.4064718394805714, 0.4313067170129713, 0.40041896006391764, 0.406420137594271, 0.3882004010305601, 0.3034389203239446, 0.32639132814819205, 0.3925881903538585, 0.3864254288518161, 0.3403941107247196, 0.3801290586054722, 0.3801382207974625]","[162, 472, 179, 212, 124, 236, 384, 98, 87, 168, 94, 157, 147, 185, 317]",201.0,12.580053763440862,11.504035832787505,13.65607169409422,0.37406816507985496,0.34965624944720775,0.3984800807125022
"{'colsample_bytree': 0.8, 'gamma': 0.1, 'learning_rate': 0.1, 'max_depth': 3, 'reg_lambda': 1, 'subsample': 1}","[10.730645161290322, 14.178225806451612, 12.416935483870967, 12.673387096774194, 12.057258064516128, 11.943548387096774, 10.668548387096774, 11.404838709677419, 16.604032258064517, 13.734677419354838, 10.294354838709678, 10.654838709677419, 16.32016129032258, 13.365322580645161, 11.685483870967742]","[0.4224705973153866, 0.38310820210007945, 0.2922016436275381, 0.3817660871901094, 0.41819260476672604, 0.3970807169029482, 0.4034892130229878, 0.39270934732745, 0.30411489788683077, 0.31336908724514356, 0.4092486285612956, 0.39634021639661887, 0.34505449284805223, 0.3886866342319839, 0.36627410000389693]","[100, 235, 94, 436, 246, 137, 164, 131, 91, 188, 102, 88, 152, 260, 164]",173.0,12.582150537634408,11.498733532450737,13.66556754281808,0.37427376462846984,0.35120089318779396,0.3973466360691457
"{'colsample_bytree': 0.8, 'gamma': 0, 'learning_rate': 0.1, 'max_depth': 3, 'reg_lambda': 1, 'subsample': 1}","[10.762096774193548, 14.178225806451612, 12.603225806451613, 12.237096774193548, 11.789516129032258, 11.943548387096774, 10.641935483870968, 11.404838709677419, 16.604032258064517, 13.810483870967742, 10.294354838709678, 10.473387096774193, 16.32016129032258, 13.964516129032258, 11.750806451612902]","[0.42077785368809817, 0.38310820210007945, 0.2815825996370178, 0.403049227300205, 0.43111214561465905, 0.3970807169029482, 0.40497722088225463, 0.39270934732745, 0.30411489788683077, 0.30957933292660933, 0.4092486285612956, 0.4066205260628889, 0.34505449284805223, 0.36128026056604323, 0.36273153286106175]","[98, 235, 110, 227, 208, 137, 165, 131, 91, 157, 102, 105, 152, 812, 198]",195.0,12.585215053763442,11.476604071510291,13.693826036016592,0.3742017990110329,0.3488992798561472,0.3995043181659186
"{'colsample_bytree': 0.8, 'gamma': 0, 'learning_rate': 0.01, 'max_depth': 6, 'reg_lambda': 1, 'subsample': 1}","[11.041129032258064, 13.663709677419355, 12.706451612903226, 12.456451612903226, 12.17983870967742, 11.951612903225806, 10.4, 11.792741935483871, 16.746774193548386, 13.474193548387097, 10.633870967741936, 10.936290322580644, 15.85725806451613, 13.220967741935484, 12.018548387096773]","[0.4057601794562571, 0.40549469701277774, 0.27569845404919724, 0.3923486466903232, 0.41227763425803376, 0.3966736140784397, 0.41850456505740785, 0.3720540790531257, 0.29813249645528817, 0.32639132814819205, 0.3897651716575983, 0.38039431384760436, 0.36363129381189163, 0.3952892464610599, 0.3482113811151192]","[441, 902, 536, 2028, 807, 871, 1316, 749, 509, 701, 387, 803, 482, 1530, 990]",870.0,12.60532258064516,11.605787573762209,13.60485758752811,0.37204180674348775,0.3484332010589675,0.39565041242800797
"{'colsample_bytree': 0.8, 'gamma': 0.1, 'learning_rate': 0.01, 'max_depth': 6, 'reg_lambda': 1, 'subsample': 1}","[10.865322580645161, 13.67016129032258, 12.80241935483871, 12.32016129032258, 12.253225806451614, 11.912096774193548, 10.468548387096774, 11.633064516129032, 16.84032258064516, 13.473387096774193, 10.78467741935484, 10.991935483870968, 15.759677419354839, 13.428225806451612, 11.921774193548387]","[0.4152221822959721, 0.4052139886126186, 0.27022803744802015, 0.39899716920161, 0.4087364348087509, 0.39866841791853125, 0.4146718175411145, 0.38055666349868955, 0.29421182659054834, 0.3264316446834956, 0.3811109995887353, 0.3772416855499482, 0.3675473093460808, 0.3858095182885878, 0.3534596287341346]","[363, 1011, 721, 1564, 750, 911, 1266, 678, 475, 830, 457, 792, 485, 1959, 948]",881.0,12.608333333333333,11.603450072738688,13.613216593927977,0.37187382160712257,0.3476423996046468,0.3961052436095983
"{'colsample_bytree': 1, 'gamma': 0.1, 'learning_rate': 0.01, 'max_depth': 6, 'reg_lambda': 1, 'subsample': 0.8}","[11.134677419354839, 14.067741935483872, 12.941129032258065, 12.265322580645162, 11.80241935483871, 11.871774193548386, 10.648387096774194, 11.740322580645161, 16.696774193548386, 13.290322580645162, 10.538709677419355, 10.894354838709678, 16.036290322580644, 13.525806451612903, 11.69516129032258]","[0.4007253522571429, 0.38791533345280615, 0.26232121681438614, 0.40167231435408046, 0.4304895171400598, 0.4007039320410737, 0.4046164917042506, 0.3748453315226289, 0.3002280269002353, 0.33558349819740263, 0.3952260930700361, 0.3827702076371423, 0.3564465380384205, 0.3813462999661398, 0.3657492752419955]","[425, 1068, 810, 2481, 601, 720, 805, 738, 460, 816, 349, 749, 456, 1664, 936]",872.0,12.609946236559141,11.582996524418718,13.636895948699564,0.37204262855585335,0.3478104119757988,0.3962748451359079
"{'colsample_bytree': 1, 'gamma': 0, 'learning_rate': 0.1, 'max_depth': 3, 'reg_lambda': 3, 'subsample': 0.8}","[10.935483870967742, 13.833064516129033, 12.45483870967742, 11.996774193548386, 12.496774193548386, 11.933870967741935, 10.379032258064516, 11.343548387096774, 16.811290322580646, 13.745161290322581, 10.380645161290323, 10.963709677419354, 16.675, 13.734677419354838, 11.52016129032258]","[0.41144606189663635, 0.39812610150859806, 0.29004105891951015, 0.4147726575272076, 0.39698432235069125, 0.3975692402923584, 0.4196769348859213, 0.3959729655994848, 0.29542858620374346, 0.31284497228619734, 0.4042967760940852, 0.37884084483136793, 0.33081443636009167, 0.3717927995899909, 0.37523985635304824]","[102, 278, 157, 289, 409, 240, 175, 125, 86, 173, 74, 211, 123, 207, 252]",193.0,12.613602150537636,11.492792872879797,13.734411428195475,0.3729231743132622,0.34857769128525606,0.39726865734126837
"{'colsample_bytree': 1, 'gamma': 0.1, 'learning_rate': 0.1, 'max_depth': 3, 'reg_lambda': 3, 'subsample': 0.8}","[10.935483870967742, 13.833064516129033, 12.45483870967742, 12.110483870967743, 12.496774193548386, 11.928225806451612, 10.379032258064516, 11.343548387096774, 16.815322580645162, 13.745161290322581, 10.380645161290323, 10.963709677419354, 16.675, 13.734677419354838, 11.52016129032258]","[0.41144606189663635, 0.39812610150859806, 0.29004105891951015, 0.40922566537282046, 0.39698432235069125, 0.39785421226951434, 0.4196769348859213, 0.3959729655994848, 0.29525959181302186, 0.31284497228619734, 0.4042967760940852, 0.37884084483136793, 0.33081443636009167, 0.3717927995899909, 0.37523985635304824]","[102, 278, 157, 289, 409, 240, 175, 125, 86, 173, 74, 201, 123, 207, 252]",193.0,12.621075268817206,11.501112686848,13.741037850786412,0.37256110667539866,0.34839403818053966,0.39672817517025766
"{'colsample_bytree': 0.8, 'gamma': 0, 'learning_rate': 0.1, 'max_depth': 3, 'reg_lambda': 1, 'subsample': 0.8}","[10.978225806451613, 14.286290322580646, 12.425806451612903, 12.300806451612903, 11.737096774193548, 12.346774193548388, 10.610483870967743, 11.399193548387096, 16.837096774193547, 13.504032258064516, 10.713709677419354, 10.714516129032258, 16.37741935483871, 13.808870967741935, 11.374193548387098]","[0.40914566671083397, 0.3784063363974125, 0.2916959748660848, 0.3999413380789526, 0.43364157379271817, 0.3767255756775244, 0.4067357756250246, 0.39300994374724285, 0.2943470221031256, 0.3248996163419604, 0.38518355115055314, 0.3929591367730455, 0.34275666555113127, 0.36839927822085694, 0.3831559631783964]","[72, 109, 109, 159, 156, 241, 230, 102, 88, 162, 73, 157, 118, 467, 271]",168.0,12.627634408602152,11.530930827393494,13.72433798981081,0.3720668945476575,0.34915041534739377,0.39498337374792125
"{'colsample_bytree': 0.8, 'gamma': 0.1, 'learning_rate': 0.1, 'max_depth': 3, 'reg_lambda': 1, 'subsample': 0.8}","[10.978225806451613, 14.286290322580646, 12.425806451612903, 12.300806451612903, 11.737096774193548, 12.703225806451613, 10.610483870967743, 11.399193548387096, 16.77258064516129, 13.504032258064516, 10.713709677419354, 10.687096774193549, 16.384677419354837, 13.529032258064516, 11.39516129032258]","[0.40914566671083397, 0.3784063363974125, 0.2916959748660848, 0.3999413380789526, 0.43364157379271817, 0.35873163083424986, 0.4067357756250246, 0.39300994374724285, 0.2970509323546703, 0.3248996163419604, 0.38518355115055314, 0.39451260578928193, 0.34246539166842305, 0.38119875555878613, 0.382018842860943]","[72, 109, 109, 159, 156, 339, 230, 102, 83, 162, 73, 157, 118, 211, 182]",151.0,12.628494623655914,11.542700533916065,13.714288713395764,0.3719091957184758,0.3490533677697794,0.3947650236671722
"{'colsample_bytree': 1, 'gamma': 0.1, 'learning_rate': 0.01, 'max_depth': 6, 'reg_lambda': 3, 'subsample': 0.8}","[11.254838709677419, 14.125, 12.980645161290322, 12.174193548387096, 11.994354838709677, 11.226612903225806, 10.491935483870968, 11.846774193548388, 16.61774193548387, 13.445967741935483, 10.59758064516129, 11.195967741935483, 16.38064516129032, 13.595967741935484, 11.74758064516129]","[0.39425820352724594, 0.38542404640139305, 0.2600686923315485, 0.4061177761515681, 0.421227918580397, 0.4332721580017517, 0.4133641742708497, 0.36917694189225303, 0.30354031695837747, 0.32780240688381634, 0.39184772643352805, 0.36568204845854224, 0.34262721049214984, 0.37813720910619797, 0.3629064744483621]","[405, 1249, 792, 2464, 1170, 834, 919, 603, 521, 807, 348, 954, 540, 1648, 1123]",958.0,12.64505376344086,11.592807719219424,13.697299807662295,0.3703635535958654,0.34460830757207184,0.396118799619659
"{'colsample_bytree': 1, 'gamma': 0, 'learning_rate': 0.01, 'max_depth': 6, 'reg_lambda': 3, 'subsample': 0.8}","[11.236290322580645, 14.196774193548388, 12.956451612903226, 12.24758064516129, 11.938709677419356, 11.261290322580646, 10.583870967741936, 11.794354838709678, 16.583870967741934, 13.46532258064516, 10.584677419354838, 11.214516129032258, 16.333870967741934, 13.686290322580644, 11.712903225806452]","[0.39525648823051873, 0.38230116544962167, 0.2614477889536939, 0.4025378024916444, 0.42391300387710595, 0.43152161585636517, 0.40822378348429145, 0.3719681943617563, 0.30495986984043844, 0.32683481003653114, 0.3925881903538585, 0.3646311723593234, 0.3445043088473809, 0.37400596570029576, 0.3647870965118426]","[405, 1205, 799, 2265, 1057, 782, 919, 604, 521, 816, 348, 1060, 546, 1659, 1618]",974.0,12.653118279569894,11.605821771329179,13.700414787810608,0.3699654170903113,0.344711829506765,0.39521900467385757
"{'colsample_bytree': 1, 'gamma': 0, 'learning_rate': 0.01, 'max_depth': 3, 'reg_lambda': 3, 'subsample': 1}","[10.90725806451613, 14.705645161290322, 12.7, 12.364516129032259, 12.210483870967742, 12.224193548387097, 10.587096774193549, 11.299193548387096, 16.65967741935484, 13.71532258064516, 10.4, 10.621774193548386, 16.31774193548387, 13.696774193548388, 11.544354838709678]","[0.4129651907929207, 0.36016029038706265, 0.27606621314843605, 0.3968334488577001, 0.4107988916308607, 0.3829135386100533, 0.4080434188952894, 0.3983347946121414, 0.3017827752948735, 0.31433668409242876, 0.40318608021358926, 0.3982135172691392, 0.3451515841422882, 0.3735264463763962, 0.3739277944482944]","[1264, 2005, 1209, 2691, 1900, 2030, 2946, 1357, 1213, 3433, 1378, 1382, 1766, 4682, 2113]",2091.0,12.663602150537633,11.55645518318656,13.770749117888705,0.37041604458476496,0.34661544013606976,0.39421664903346015
"{'colsample_bytree': 1, 'gamma': 0.1, 'learning_rate': 0.01, 'max_depth': 3, 'reg_lambda': 3, 'subsample': 1}","[10.837096774193549, 14.731451612903227, 12.711290322580645, 12.4, 12.343548387096774, 12.194354838709678, 10.570967741935483, 11.27741935483871, 16.65483870967742, 13.781451612903226, 10.326612903225806, 10.57983870967742, 16.300806451612903, 13.62258064516129, 11.625806451612902]","[0.41674131119225644, 0.35903745678642585, 0.275422634724768, 0.39510247258257225, 0.4043780354865566, 0.3844198190607345, 0.40894524184029957, 0.39949423794562733, 0.30198556856373926, 0.3110307281975373, 0.40739746876046934, 0.4005894110586772, 0.34583122320194093, 0.37691996774553016, 0.3695105193689565]","[1398, 1730, 1197, 2816, 3851, 2058, 3128, 1403, 1264, 3000, 1144, 1387, 1792, 4164, 2574]",2194.0,12.663870967741936,11.551214996551156,13.776526938932715,0.3704537397677394,0.3462591489429975,0.3946483305924813
"{'colsample_bytree': 1, 'gamma': 0, 'learning_rate': 0.01, 'max_depth': 6, 'reg_lambda': 1, 'subsample': 0.8}","[11.151612903225807, 14.17016129032258, 12.833064516129033, 12.287903225806451, 11.941129032258065, 11.843548387096774, 10.574193548387097, 11.691935483870967, 16.741129032258065, 13.299193548387096, 10.64274193548387, 10.975806451612904, 16.223387096774193, 13.754032258064516, 11.939516129032258]","[0.39981387491937204, 0.38345908760027847, 0.2684811817266358, 0.4005707839971808, 0.4237962610381186, 0.40212879192685336, 0.4087648772512975, 0.37742187226370905, 0.2983690886022984, 0.33514001630906354, 0.3892561027123712, 0.37815549085361666, 0.34893814461749595, 0.370907533145869, 0.3524974500039817]","[424, 1016, 531, 2481, 789, 752, 810, 605, 460, 744, 351, 792, 446, 2019, 1136]",890.0,12.671290322580642,11.629176076609095,13.713404568552189,0.36918003713120945,0.34562969081680855,0.39273038344561034
"{'colsample_bytree': 0.8, 'gamma': 0, 'learning_rate': 0.01, 'max_depth': 6, 'reg_lambda': 3, 'subsample': 1}","[11.216129032258065, 13.937096774193549, 12.958064516129033, 12.326612903225806, 11.99274193548387, 11.278225806451612, 10.484677419354838, 12.137903225806452, 16.892741935483873, 13.727419354838709, 10.581451612903226, 11.176612903225806, 16.33467741935484, 13.431451612903226, 11.625]","[0.39634158029929323, 0.3935996785560306, 0.2613558491788842, 0.3986824462424958, 0.4213057471397219, 0.4306666999248975, 0.4137699945961043, 0.3536747551000885, 0.2920148995111683, 0.3137319360628754, 0.39277330633394114, 0.36677861482294427, 0.34447194508263557, 0.38566197388123413, 0.3695542547657815]","[306, 1271, 680, 3464, 991, 859, 1350, 256, 515, 995, 344, 1179, 448, 1904, 1382]",1063.0,12.673387096774196,11.605926944504374,13.740847249044018,0.36895891209987314,0.34206044978693706,0.3958573744128092
"{'colsample_bytree': 0.8, 'gamma': 0, 'learning_rate': 0.1, 'max_depth': 6, 'reg_lambda': 3, 'subsample': 0.8}","[11.15241935483871, 14.579032258064515, 12.783870967741935, 12.364516129032259, 12.22258064516129, 11.664516129032258, 10.543548387096774, 11.633870967741936, 16.72258064516129, 13.39274193548387, 10.508064516129032, 10.96532258064516, 16.33306451612903, 13.611290322580645, 11.7]","[0.3997704712366211, 0.3656691927401875, 0.2712853448583318, 0.3968334488577001, 0.41021517743592384, 0.41116647463094147, 0.410478340846817, 0.38051372115300497, 0.2991464627996173, 0.33046329821385123, 0.3969846948808211, 0.3787494643010011, 0.3445366726121264, 0.3774363731712681, 0.3654868628610446]","[46, 111, 56, 220, 84, 116, 63, 56, 54, 75, 36, 90, 55, 179, 118]",91.0,12.678494623655915,11.60477614461848,13.75221310269335,0.3692490667066172,0.3460665027646658,0.3924316306485687
"{'colsample_bytree': 1, 'gamma': 0, 'learning_rate': 0.01, 'max_depth': 3, 'reg_lambda': 1, 'subsample': 1}","[10.873387096774193, 14.369354838709677, 12.799193548387096, 12.635483870967741, 12.237096774193548, 12.599193548387097, 10.533870967741935, 11.125, 16.979032258064517, 14.048387096774194, 10.360483870967743, 10.570967741935483, 16.01451612903226, 13.431451612903226, 11.765322580645162]","[0.4147881454684622, 0.37479221574536237, 0.27041191699763956, 0.3836150845749051, 0.40951472040199977, 0.36398325727040926, 0.4110194346138232, 0.40761034128002926, 0.28839841954972734, 0.2976859550120604, 0.40545375096960157, 0.4010920039756948, 0.3573203596865454, 0.38566197388123413, 0.3619442957182094]","[1188, 2198, 1046, 4024, 1501, 1750, 2150, 1362, 960, 1383, 1042, 1016, 1999, 3490, 1805]",1794.0,12.689516129032256,11.581341740625042,13.79769051743947,0.3688861250097135,0.3426634388654922,0.3951088111539348
"{'colsample_bytree': 0.8, 'gamma': 0, 'learning_rate': 0.1, 'max_depth': 6, 'reg_lambda': 1, 'subsample': 1}","[11.316129032258065, 14.008064516129032, 12.916935483870967, 12.446774193548388, 12.449193548387097, 11.977419354838709, 10.729032258064516, 11.408064516129032, 16.546774193548387, 13.576612903225806, 10.601612903225806, 10.875806451612902, 15.720967741935484, 13.660483870967742, 12.118548387096775]","[0.3909595236381711, 0.390511886154279, 0.26370031343653155, 0.3928207311289945, 0.39928026485077583, 0.3953708850400127, 0.4001073769791994, 0.39253757794471145, 0.30651461823507675, 0.32127112816464043, 0.39161633145842467, 0.38382108373636104, 0.3691007700538581, 0.37518632095912485, 0.3427881919088033]","[37, 166, 39, 82, 74, 91, 115, 51, 54, 88, 39, 56, 60, 138, 78]",78.0,12.69016129032258,11.71334837782484,13.66697420282032,0.36770580024593097,0.3450905216422393,0.39032107884962264
"{'colsample_bytree': 1, 'gamma': 0, 'learning_rate': 0.1, 'max_depth': 3, 'reg_lambda': 3, 'subsample': 1}","[11.187903225806451, 14.71532258064516, 12.612096774193548, 12.608870967741936, 11.963709677419354, 11.948387096774194, 10.530645161290323, 11.51774193548387, 16.822580645161292, 13.953225806451613, 10.421774193548387, 10.647580645161291, 16.105645161290322, 13.772580645161291, 11.554032258064517]","[0.3978607091955778, 0.3597392277868239, 0.2810769308755645, 0.38491331678125107, 0.42270666120757006, 0.39683645520824307, 0.41119979920282523, 0.3866974189315968, 0.29495540190972314, 0.30244330617787996, 0.4019365473480315, 0.39675142878326963, 0.3536632542703193, 0.37005915280358537, 0.37340296968639275]","[108, 173, 141, 166, 300, 141, 258, 131, 118, 167, 124, 170, 185, 592, 278]",203.0,12.690806451612906,11.587159596663906,13.794453306561905,0.36894950534457693,0.34477502814289773,0.39312398254625613
"{'colsample_bytree': 1, 'gamma': 0.1, 'learning_rate': 0.1, 'max_depth': 3, 'reg_lambda': 1, 'subsample': 1}","[10.8, 14.135483870967741, 12.855645161290322, 12.727419354838709, 12.04516129032258, 12.470161290322581, 10.562096774193549, 11.27741935483871, 16.912903225806453, 13.908870967741935, 10.52016129032258, 10.660483870967742, 16.22822580645161, 13.453225806451613, 11.987903225806452]","[0.4187378805988019, 0.3849678952511343, 0.2671940248793001, 0.3791302824075282, 0.4187763189616627, 0.37049690246254485, 0.40944124446005525, 0.39949423794562733, 0.29116992755756055, 0.3046607156195754, 0.3962905099555113, 0.39602038454033484, 0.3487439620290237, 0.38466604913159697, 0.349873326194474]","[107, 179, 94, 463, 183, 152, 179, 143, 102, 136, 79, 88, 153, 323, 315]",180.0,12.703010752688174,11.611229009987259,13.794792495389089,0.3679775774663154,0.34195277252170225,0.3940023824109285
"{'colsample_bytree': 1, 'gamma': 0.1, 'learning_rate': 0.1, 'max_depth': 3, 'reg_lambda': 3, 'subsample': 1}","[11.187903225806451, 14.71532258064516, 12.612096774193548, 12.533870967741935, 11.97258064516129, 11.948387096774194, 10.629032258064516, 11.508064516129032, 16.822580645161292, 13.88225806451613, 10.421774193548387, 10.730645161290322, 16.03306451612903, 13.918548387096774, 11.649193548387096]","[0.3978607091955778, 0.3597392277868239, 0.2810769308755645, 0.3885719711809533, 0.42227860413128304, 0.39683645520824307, 0.40569867923826286, 0.3872127270798128, 0.29495540190972314, 0.3059911612845929, 0.4019365473480315, 0.39204533146937703, 0.35657599309740207, 0.36338276837083283, 0.36824219286102766]","[108, 173, 141, 422, 305, 141, 290, 108, 118, 412, 124, 151, 264, 678, 305]",249.0,12.704354838709678,11.613259320527263,13.795450356892093,0.36816031340250055,0.34449408484974375,0.39182654195525735
"{'colsample_bytree': 0.8, 'gamma': 0.1, 'learning_rate': 0.01, 'max_depth': 6, 'reg_lambda': 3, 'subsample': 1}","[11.375806451612902, 13.960483870967742, 12.853225806451613, 12.535483870967742, 12.110483870967743, 11.194354838709678, 10.494354838709677, 12.168548387096774, 16.766129032258064, 13.879032258064516, 10.620967741935484, 11.174193548387096, 16.30483870967742, 13.516935483870968, 11.620967741935484]","[0.3877476511145982, 0.39258211060545334, 0.2673319345415147, 0.38849329044117475, 0.4156242623090044, 0.4349005692997855, 0.41322890082909813, 0.35204294596407115, 0.29732132337982475, 0.30615242742580706, 0.39050563557792894, 0.3669156856184945, 0.34566940437821403, 0.38175204708636223, 0.3697729317499072]","[294, 1298, 792, 4077, 951, 992, 1323, 256, 594, 808, 355, 1178, 461, 1870, 1244]",1100.0,12.705053763440862,11.652714620695548,13.757392906186176,0.36733607468808255,0.3414438139599012,0.3932283354162639
"{'colsample_bytree': 0.8, 'gamma': 0.1, 'learning_rate': 0.1, 'max_depth': 6, 'reg_lambda': 1, 'subsample': 1}","[11.275806451612903, 13.772580645161291, 12.914516129032258, 12.638709677419355, 12.446774193548388, 11.903225806451612, 10.845161290322581, 11.399193548387096, 16.650806451612905, 13.807258064516128, 10.533870967741935, 11.18467741935484, 15.638709677419355, 13.595161290322581, 12.008870967741936]","[0.3931297077757204, 0.4007577427600909, 0.26383822309874616, 0.3834577230953481, 0.39939700768976305, 0.39911623102549065, 0.3936142517751259, 0.39300994374724285, 0.30215456295446086, 0.3097405990678235, 0.39550376704016, 0.36632171217111, 0.3724018740578855, 0.37817409520803635, 0.3487362058770207]","[48, 105, 39, 231, 98, 95, 107, 51, 50, 62, 38, 105, 59, 90, 87]",84.0,12.70768817204301,11.73944859061322,13.6759277534728,0.36662357648960164,0.34322981254288243,0.39001734043632086
"{'colsample_bytree': 1, 'gamma': 0, 'learning_rate': 0.1, 'max_depth': 3, 'reg_lambda': 1, 'subsample': 1}","[10.8, 14.21532258064516, 12.855645161290322, 12.593548387096774, 12.04516129032258, 12.470161290322581, 10.562096774193549, 11.27741935483871, 16.912903225806453, 13.904838709677419, 10.52016129032258, 10.49758064516129, 16.22822580645161, 13.800806451612903, 12.029838709677419]","[0.4187378805988019, 0.381494128799164, 0.2671940248793001, 0.38566078380914715, 0.4187763189616627, 0.37049690246254485, 0.40944124446005525, 0.39949423794562733, 0.29116992755756055, 0.30486229829609335, 0.3962905099555113, 0.40524981810738625, 0.3487439620290237, 0.368768139239241, 0.3475990855595674]","[107, 182, 94, 256, 183, 152, 179, 143, 102, 136, 79, 119, 153, 670, 270]",188.0,12.71424731182796,11.607411042189941,13.821083581465977,0.3675986175107123,0.34137794419204737,0.3938192908293773
"{'colsample_bytree': 0.8, 'gamma': 0.1, 'learning_rate': 0.1, 'max_depth': 6, 'reg_lambda': 3, 'subsample': 0.8}","[11.148387096774194, 14.45, 12.969354838709677, 12.5, 12.34758064516129, 11.591129032258065, 10.54758064516129, 11.586290322580645, 16.586290322580645, 13.424193548387096, 10.52016129032258, 11.01774193548387, 16.615322580645163, 13.893548387096773, 11.596774193548388]","[0.3999874896503761, 0.3712833607433721, 0.2607122707552164, 0.3902242667163026, 0.40418346408824435, 0.4148711103339686, 0.41025288511056457, 0.3830473195484002, 0.30485847320600556, 0.32889095333701246, 0.3962905099555113, 0.3757795970640787, 0.3332093549512487, 0.3645262375278234, 0.3710849936546611]","[46, 93, 72, 243, 84, 116, 63, 52, 54, 75, 36, 110, 51, 221, 128]",96.0,12.71962365591398,11.632172946702347,13.807074365125612,0.36728015244285245,0.34334282461902055,0.39121748026668435
"{'colsample_bytree': 1, 'gamma': 0.1, 'learning_rate': 0.1, 'max_depth': 3, 'reg_lambda': 1, 'subsample': 0.8}","[11.14516129032258, 14.1, 12.725, 12.339516129032258, 12.141129032258064, 12.557258064516128, 10.906451612903226, 11.462096774193549, 16.338709677419356, 13.658064516129032, 10.633870967741936, 10.762903225806452, 16.681451612903224, 13.976612903225806, 11.504032258064516]","[0.40016110438138, 0.3865117914520101, 0.2746411466388856, 0.3980530003242676, 0.41414551968183133, 0.36610019195785326, 0.3901873245840869, 0.38966044078383877, 0.3152347287963083, 0.31719915809898136, 0.3897651716575983, 0.3902177208620402, 0.3305555262421287, 0.360726969038467, 0.3761145642895508]","[95, 246, 109, 214, 182, 250, 194, 100, 86, 223, 75, 81, 126, 447, 200]",175.0,12.728817204301073,11.675290960433289,13.782343448168858,0.36661829058594847,0.3447081504942092,0.3885284306776877
"{'colsample_bytree': 1, 'gamma': 0, 'learning_rate': 0.1, 'max_depth': 3, 'reg_lambda': 1, 'subsample': 0.8}","[11.14516129032258, 14.075, 12.65241935483871, 12.261290322580646, 12.141129032258064, 12.486290322580645, 10.852419354838709, 11.462096774193549, 16.338709677419356, 13.658064516129032, 10.633870967741936, 10.762903225806452, 16.681451612903224, 13.976612903225806, 11.897580645161291]","[0.40016110438138, 0.38759953650262713, 0.2787784365053221, 0.4018690162035268, 0.41414551968183133, 0.36968269681352783, 0.39320843144987117, 0.38966044078383877, 0.3152347287963083, 0.31719915809898136, 0.3897651716575983, 0.3902177208620402, 0.3305555262421287, 0.360726969038467, 0.35477169063888836]","[95, 165, 157, 286, 182, 365, 161, 100, 86, 223, 75, 81, 126, 447, 306]",190.0,12.734999999999998,11.687474510564755,13.78252548943524,0.3662384098437558,0.34444674618847787,0.3880300734990337
"{'colsample_bytree': 0.8, 'gamma': 0, 'learning_rate': 0.1, 'max_depth': 6, 'reg_lambda': 3, 'subsample': 1}","[11.51774193548387, 14.081451612903226, 12.854032258064516, 12.30241935483871, 11.758064516129032, 11.353225806451613, 10.714516129032258, 12.148387096774194, 16.68951612903226, 13.814516129032258, 10.567741935483872, 11.515322580645162, 16.266129032258064, 13.970967741935484, 11.731451612903227]","[0.3801086029504247, 0.387318828102468, 0.2672859646541098, 0.39986265733917403, 0.4326298025214944, 0.42688064365696865, 0.4009190176297086, 0.35311650460618793, 0.30053221680353415, 0.3093777502500915, 0.39356004924929233, 0.34758870344590687, 0.34722286508599165, 0.36098517175133604, 0.3637811823848647]","[28, 85, 100, 125, 87, 129, 112, 27, 57, 95, 34, 145, 52, 122, 106]",87.0,12.752365591397847,11.718733903936403,13.785997278859291,0.36474466402877026,0.33909860435785144,0.3903907236996891
"{'colsample_bytree': 1, 'gamma': 0.1, 'learning_rate': 0.01, 'max_depth': 3, 'reg_lambda': 1, 'subsample': 1}","[10.866935483870968, 14.405645161290323, 12.799193548387096, 12.567741935483872, 12.595967741935484, 12.57983870967742, 10.57983870967742, 11.141935483870968, 16.779032258064515, 13.916129032258064, 10.370967741935484, 10.484677419354838, 16.259677419354837, 14.183064516129033, 11.793548387096774]","[0.4151353749304699, 0.3732132309944668, 0.27041191699763956, 0.3869196756456039, 0.39219786595221007, 0.3649603040492295, 0.408449239220544, 0.40670855202065137, 0.2967805413295158, 0.30429786680184345, 0.404852124034333, 0.40598086235032105, 0.3474817752039545, 0.3512841269678334, 0.36041355682932985]","[1226, 2360, 1046, 3992, 3181, 1766, 1782, 1099, 1149, 1900, 1038, 1139, 1366, 9338, 1798]",2279.0,12.754946236559137,11.634197934399962,13.875694538718312,0.3659391342218631,0.340959858808057,0.39091840963566915
"{'colsample_bytree': 0.8, 'gamma': 0.1, 'learning_rate': 0.1, 'max_depth': 6, 'reg_lambda': 1, 'subsample': 0.8}","[10.95483870967742, 14.4, 13.200806451612904, 12.616129032258064, 12.448387096774194, 12.179032258064517, 10.629032258064516, 11.937096774193549, 17.193548387096776, 13.59274193548387, 10.351612903225806, 10.68467741935484, 16.120967741935484, 13.646774193548387, 11.468548387096774]","[0.41040437351061254, 0.37345885084460595, 0.24751891307002472, 0.3845592534522476, 0.39931917913043824, 0.38519331442730076, 0.40569867923826286, 0.3643673991755705, 0.2794079179633411, 0.32046479745856926, 0.40596281991482874, 0.3946496765848322, 0.3530483427401573, 0.37581338469037795, 0.3780389217498564]","[48, 84, 69, 342, 156, 48, 77, 52, 37, 64, 35, 90, 58, 102, 87]",90.0,12.761612903225807,11.653818251332792,13.869407555118821,0.365193721596735,0.33877774300264113,0.3916097001908289
"{'colsample_bytree': 0.8, 'gamma': 0, 'learning_rate': 0.1, 'max_depth': 6, 'reg_lambda': 1, 'subsample': 0.8}","[10.966129032258065, 14.212096774193549, 13.096774193548388, 12.574193548387097, 12.016129032258064, 12.416935483870967, 10.54516129032258, 11.970161290322581, 17.14516129032258, 13.650806451612903, 10.535483870967742, 10.55967741935484, 16.316935483870967, 14.223387096774193, 11.303225806451612]","[0.4097967219520988, 0.3816344829992435, 0.2534490285452502, 0.38660495268648964, 0.4201772330295108, 0.3731837811043007, 0.4103881585523159, 0.36260676300249906, 0.2814358506519997, 0.3175620069167133, 0.39541120905011873, 0.40173166768826274, 0.34518394790703366, 0.3494398218759126, 0.38700467809900774]","[48, 96, 72, 201, 51, 96, 72, 52, 38, 66, 39, 62, 43, 254, 79]",85.0,12.768817204301076,11.637747568491244,13.899886840110907,0.3650406869373838,0.33815537210077384,0.3919260017739937
"{'colsample_bytree': 0.8, 'gamma': 0.1, 'learning_rate': 0.1, 'max_depth': 6, 'reg_lambda': 3, 'subsample': 1}","[11.51774193548387, 13.87258064516129, 12.811290322580644, 12.433870967741935, 11.750806451612902, 11.483064516129032, 10.874193548387098, 12.189516129032258, 16.916129032258066, 13.87258064516129, 10.567741935483872, 11.286290322580646, 16.368548387096773, 13.941129032258065, 11.890322580645162]","[0.3801086029504247, 0.39640676255762286, 0.26972236868656674, 0.39345017704722274, 0.4329800310384565, 0.42032628818238216, 0.39199097047410747, 0.3509264449762699, 0.2910347320449833, 0.30647495970823546, 0.39356004924929233, 0.36056473875799877, 0.3431126669633304, 0.3623499575193573, 0.35516530921031453]","[28, 107, 160, 136, 85, 123, 140, 27, 56, 82, 34, 106, 48, 148, 127]",94.0,12.785053763440862,11.737736551581953,13.83237097529977,0.363211603957771,0.33758634245729296,0.3888368654582491
"{'colsample_bytree': 1, 'gamma': 0.1, 'learning_rate': 0.1, 'max_depth': 6, 'reg_lambda': 3, 'subsample': 0.8}","[11.616129032258064, 14.479032258064516, 12.706451612903226, 12.528225806451612, 12.239516129032259, 11.65, 10.71774193548387, 11.589516129032258, 16.43951612903226, 13.82258064516129, 10.875, 11.279838709677419, 16.291129032258066, 14.176612903225806, 11.761290322580646]","[0.3748133536548045, 0.37002017294265555, 0.27569845404919724, 0.3888473537701781, 0.40939797756301244, 0.4118992597150567, 0.40073865304070655, 0.38287555016566144, 0.31100986902826966, 0.308974584897056, 0.3759277521464216, 0.3609302608794662, 0.34621958837888533, 0.3515792157825406, 0.362162972702335]","[27, 83, 72, 190, 108, 44, 59, 45, 55, 76, 31, 94, 40, 146, 130]",80.0,12.811505376344087,11.794582351143726,13.828428401544448,0.3620730012477498,0.3406074756647812,0.38353852683071843
"{'colsample_bytree': 1, 'gamma': 0.1, 'learning_rate': 0.1, 'max_depth': 6, 'reg_lambda': 1, 'subsample': 0.8}","[11.384677419354839, 14.455645161290322, 12.970161290322581, 12.180645161290322, 12.641935483870968, 11.843548387096774, 10.976612903225806, 11.924193548387096, 16.66774193548387, 13.446774193548388, 10.616935483870968, 11.214516129032258, 16.241129032258065, 14.135483870967741, 11.601612903225806]","[0.3872702106043373, 0.3710377408932327, 0.2606663008678115, 0.4058030531924538, 0.3899797520114505, 0.40212879192685336, 0.38626439477329255, 0.36505447670652513, 0.30144478651343043, 0.3277620903485129, 0.3907370305530322, 0.3646311723593234, 0.34822614179309797, 0.35346040697629966, 0.37082258127371026]","[46, 61, 61, 182, 51, 46, 61, 58, 56, 65, 35, 76, 40, 95, 88]",68.0,12.82010752688172,11.7957651719919,13.844449881771542,0.36168592871955757,0.3397784471345844,0.38359341030453076
"{'colsample_bytree': 1, 'gamma': 0, 'learning_rate': 0.1, 'max_depth': 6, 'reg_lambda': 3, 'subsample': 0.8}","[11.616129032258064, 14.514516129032257, 12.69758064516129, 12.371774193548386, 12.09032258064516, 11.654838709677419, 10.737903225806452, 11.856451612903227, 17.030645161290323, 13.810483870967742, 10.904838709677419, 11.101612903225806, 16.191935483870967, 14.069354838709678, 11.785483870967742]","[0.3748133536548045, 0.36847627674177974, 0.27620412281065054, 0.39647938552869655, 0.41659711930056564, 0.41165499802035166, 0.3996113743594438, 0.36866163374403704, 0.28623529134849157, 0.30957933292660933, 0.3742154293306571, 0.3710278094850026, 0.3502003314425651, 0.35648506732704954, 0.36085091079758114]","[27, 82, 61, 190, 109, 44, 61, 26, 57, 66, 31, 61, 51, 165, 130]",77.0,12.828924731182793,11.771741421778419,13.886108040587168,0.3614061624545524,0.33821810206090624,0.3845942228481986
"{'colsample_bytree': 1, 'gamma': 0, 'learning_rate': 0.1, 'max_depth': 6, 'reg_lambda': 1, 'subsample': 0.8}","[11.394354838709678, 14.34758064516129, 13.049193548387096, 12.362903225806452, 12.558064516129033, 11.838709677419354, 11.094354838709677, 11.846774193548388, 16.481451612903225, 13.34032258064516, 10.616935483870968, 11.175, 16.241129032258065, 14.272580645161291, 11.862096774193548]","[0.3867493664113255, 0.3757396065958998, 0.25616125190213634, 0.3969121295974787, 0.39402683709634523, 0.4023730536215584, 0.37968108727471783, 0.36917694189225303, 0.3092523273647657, 0.3330838730085822, 0.3907370305530322, 0.3668699953533112, 0.34822614179309797, 0.3471897696637696, 0.356696048099194]","[46, 65, 70, 163, 51, 46, 50, 50, 54, 79, 35, 76, 40, 150, 122]",73.0,12.832096774193552,11.833204794853334,13.83098875353377,0.36085836401516447,0.3393454995242461,0.38237122850608285
"{'colsample_bytree': 1, 'gamma': 0, 'learning_rate': 0.01, 'max_depth': 6, 'reg_lambda': 1, 'subsample': 1}","[11.55241935483871, 14.615322580645161, 13.040322580645162, 12.141129032258064, 12.666935483870967, 12.166935483870967, 10.698387096774194, 12.022580645161291, 16.60322580645161, 13.4, 11.06532258064516, 11.116935483870968, 15.870967741935484, 14.057258064516128, 12.318548387096774]","[0.3782422445921323, 0.3640902079892918, 0.25666692066358965, 0.4077307313170282, 0.3887734093419145, 0.3858039686640635, 0.4018208405747188, 0.35981551053299576, 0.304148696764975, 0.33010044939611904, 0.3650059093215462, 0.37015969444651764, 0.3630811098112203, 0.35703835885462576, 0.33194181349617147]","[300, 908, 430, 939, 671, 813, 823, 482, 415, 559, 404, 703, 503, 1436, 601]",666.0,12.889086021505376,11.92337629816793,13.854795744842821,0.3576279910511273,0.3359712647333715,0.3792847173688831
"{'colsample_bytree': 1, 'gamma': 0.1, 'learning_rate': 0.01, 'max_depth': 6, 'reg_lambda': 1, 'subsample': 1}","[11.535483870967742, 14.687903225806451, 12.968548387096774, 12.12741935483871, 12.72983870967742, 12.21774193548387, 10.999193548387098, 12.080645161290322, 16.529032258064515, 13.463709677419354, 11.095161290322581, 11.07741935483871, 15.870967741935484, 14.137903225806452, 12.3]","[0.37915372192990304, 0.36093223848750056, 0.2607582406426212, 0.4083995176051458, 0.38573809552824356, 0.38323922086966, 0.38500184265027815, 0.35672366164369973, 0.30725819355425155, 0.32691544310713827, 0.3632935865057818, 0.37239851744050534, 0.3630811098112203, 0.3533497486707845, 0.3329477276231495]","[298, 894, 446, 1266, 666, 852, 1042, 512, 439, 664, 407, 696, 503, 1888, 612]",746.0,12.921397849462364,11.971191610543626,13.871604088381103,0.3559460577379922,0.33555720570865305,0.37633490976733136
"{'colsample_bytree': 1, 'gamma': 0.1, 'learning_rate': 0.1, 'max_depth': 6, 'reg_lambda': 1, 'subsample': 1}","[11.603225806451613, 14.946774193548388, 12.895967741935484, 12.438709677419356, 12.374193548387098, 12.329032258064515, 10.837903225806452, 11.971774193548388, 16.616129032258065, 13.616935483870968, 10.941935483870967, 11.449193548387097, 15.891935483870968, 13.692741935483872, 12.34758064516129]","[0.37550781257882027, 0.3496688139311116, 0.2648955305090577, 0.39321413482788725, 0.40289929285938353, 0.377621201891443, 0.39402007210038037, 0.3625208783111298, 0.3036079147146661, 0.31925530139946257, 0.3720865955597068, 0.35133530519094747, 0.3622396519278409, 0.37371087688558835, 0.330367339210467]","[32, 105, 38, 112, 62, 109, 92, 57, 40, 58, 31, 68, 45, 105, 69]",68.0,12.930268817204302,11.971844471599898,13.888693162808707,0.35553004812652617,0.3347869383145982,0.3762731579384541
"{'colsample_bytree': 1, 'gamma': 0, 'learning_rate': 0.1, 'max_depth': 6, 'reg_lambda': 1, 'subsample': 1}","[11.689516129032258, 14.84032258064516, 12.78225806451613, 12.495967741935484, 12.50241935483871, 12.4, 10.933870967741935, 11.96532258064516, 16.67983870967742, 13.30241935483871, 10.921774193548387, 11.424193548387096, 15.790322580645162, 14.10483870967742, 12.459677419354838]","[0.3708636185244647, 0.3543005025337388, 0.27137728463314137, 0.3904209685657489, 0.3967119223930542, 0.37403869703576853, 0.38865422557756957, 0.3628644170766071, 0.30093780334126574, 0.3349787501678494, 0.3732435704352234, 0.35275170341163353, 0.3663174862857569, 0.3548620788461593, 0.32428811905177435]","[32, 64, 40, 109, 56, 85, 104, 47, 39, 46, 31, 64, 51, 173, 107]",70.0,12.95284946236559,12.004550669457977,13.901148255273203,0.35444074319198376,0.3354151625897033,0.37346632379426425
"{'colsample_bytree': 1, 'gamma': 0.1, 'learning_rate': 0.1, 'max_depth': 6, 'reg_lambda': 3, 'subsample': 1}","[11.43467741935484, 14.719354838709677, 13.010483870967741, 12.147580645161291, 12.080645161290322, 11.375, 10.875, 12.22258064516129, 17.381451612903227, 14.227419354838709, 10.97258064516129, 11.210483870967742, 16.938709677419354, 13.80967741935484, 12.321774193548388]","[0.3845791822737762, 0.35956378503672437, 0.2583678064975691, 0.40741600835791403, 0.41706409065651495, 0.4257814660307957, 0.391945879326857, 0.3491658088031985, 0.2715327793557172, 0.288735684174671, 0.3703279937489218, 0.3648596236852406, 0.3202314852883573, 0.36836239211901844, 0.3317668719088711]","[28, 114, 62, 152, 67, 95, 99, 26, 47, 57, 27, 76, 45, 100, 173]",78.0,12.981827956989246,11.841334585371618,14.122321328606875,0.3539800571509432,0.3255711445863736,0.38238896971551284
"{'colsample_bytree': 1, 'gamma': 0, 'learning_rate': 0.01, 'max_depth': 6, 'reg_lambda': 3, 'subsample': 1}","[11.379032258064516, 14.87258064516129, 13.181451612903226, 12.548387096774194, 12.233870967741936, 11.801612903225806, 11.005645161290323, 12.473387096774193, 17.625806451612902, 13.991129032258064, 10.901612903225807, 11.42016129032258, 16.300806451612903, 13.944354838709678, 11.786290322580646]","[0.38757403638359433, 0.3528969605329427, 0.24862219036774114, 0.3878638445229463, 0.4096703775206496, 0.4042457266142975, 0.38464111347227414, 0.3358107392952674, 0.2612917192779918, 0.3005484290186129, 0.37440054531073985, 0.3529801547375506, 0.34583122320194093, 0.3622024131120035, 0.3608071754007559]","[288, 1459, 611, 1954, 1031, 851, 1272, 257, 534, 519, 296, 1032, 619, 1526, 812]",871.0,13.031075268817204,11.931709736900276,14.130440800734133,0.35129244325128717,0.32472876518153515,0.3778561213210392
"{'colsample_bytree': 1, 'gamma': 0, 'learning_rate': 0.1, 'max_depth': 6, 'reg_lambda': 3, 'subsample': 1}","[11.43467741935484, 14.881451612903225, 13.130645161290323, 12.591935483870968, 12.523387096774194, 11.387903225806452, 11.109677419354838, 12.141129032258064, 17.29274193548387, 13.950806451612904, 10.99758064516129, 11.364516129032259, 16.75564516129032, 14.125806451612902, 12.07983870967742]","[0.3845791822737762, 0.3525109864827237, 0.2515182932742466, 0.3857394645489257, 0.39570015112183055, 0.42513010151158215, 0.37882435547695814, 0.35350298571734984, 0.27525065595159126, 0.30256425578379054, 0.3688933449032814, 0.3561327830352068, 0.3275780598855552, 0.3539030401983606, 0.34488749095640936]","[28, 102, 69, 233, 71, 106, 182, 26, 58, 109, 27, 94, 43, 199, 100]",96.0,13.051182795698926,11.948510276762235,14.153855314635617,0.35044767674143923,0.32501528321457623,0.3758800702683022
"{'colsample_bytree': 1, 'gamma': 0.1, 'learning_rate': 0.01, 'max_depth': 6, 'reg_lambda': 3, 'subsample': 1}","[11.379838709677419, 14.670967741935485, 13.076612903225806, 12.832258064516129, 12.47983870967742, 11.799193548387096, 10.951612903225806, 12.473387096774193, 17.495967741935484, 13.99274193548387, 11.066935483870967, 11.450806451612904, 16.449193548387097, 13.875806451612902, 11.94032258064516]","[0.3875306327008431, 0.36166909803791847, 0.2545982757303715, 0.374016034321923, 0.39780152222360277, 0.40436785746164994, 0.3876622203380584, 0.3358107392952674, 0.26673333865922555, 0.30046779594800566, 0.3649133513315048, 0.35124392466058063, 0.33987629048879386, 0.36533773176826867, 0.3524537146071566]","[291, 1560, 651, 3585, 1189, 1052, 1204, 259, 560, 532, 755, 784, 519, 1429, 947]",1021.0,13.062365591397848,11.987918014996419,14.136813167799277,0.349632168504878,0.3248503624025437,0.37441397460721226
